,x,y,Time
0,1934,37,1594989483.9113007
1,1934,37,1594989483.912301
2,1934,37,1594989483.913302
3,1934,37,1594989483.9163046
4,1934,37,1594989483.9173057
5,1934,37,1594989483.9173057
6,1934,37,1594989483.9183066
7,1934,37,1594989483.9193072
8,1934,37,1594989483.9193072
9,1934,37,1594989483.9223104
10,1934,37,1594989483.923311
11,1934,37,1594989483.924312
12,1934,37,1594989483.9253128
13,1934,37,1594989483.9253128
14,1934,37,1594989483.9263136
15,1934,37,1594989483.9273148
16,1934,37,1594989483.9273148
17,1934,37,1594989483.9283159
18,1934,37,1594989483.9293163
19,1934,37,1594989483.9293163
20,1934,37,1594989483.9303174
21,1934,37,1594989483.9313183
22,1934,37,1594989483.9313183
23,1934,37,1594989483.932319
24,1934,37,1594989483.9333205
25,1934,37,1594989483.9333205
26,1934,37,1594989483.934321
27,1934,37,1594989483.935322
28,1934,37,1594989483.935322
29,1934,37,1594989483.936323
30,1934,37,1594989483.9373238
31,1934,37,1594989483.9373238
32,1934,37,1594989483.9383245
33,1934,37,1594989483.9393258
34,1934,37,1594989483.9393258
35,1934,37,1594989483.9403265
36,1934,37,1594989483.9413276
37,1934,37,1594989483.9413276
38,1934,37,1594989483.9423282
39,1934,37,1594989483.943329
40,1934,37,1594989483.943329
41,1934,37,1594989483.94433
42,1934,37,1594989483.9453309
43,1934,37,1594989483.9463325
44,1934,37,1594989483.9463325
45,1934,37,1594989483.9473329
46,1934,37,1594989483.9483337
47,1934,37,1594989483.9483337
48,1934,37,1594989483.9493346
49,1934,37,1594989483.9503357
50,1934,37,1594989483.9503357
51,1934,37,1594989483.9513364
52,1934,37,1594989483.9523375
53,1934,37,1594989483.9523375
54,1934,37,1594989483.9533384
55,1934,37,1594989483.9543393
56,1934,37,1594989483.9543393
57,1934,37,1594989483.9553401
58,1934,37,1594989483.956341
59,1934,37,1594989483.956341
60,1934,37,1594989483.9573421
61,1934,37,1594989483.958343
62,1934,37,1594989483.958343
63,1934,37,1594989483.9593437
64,1934,37,1594989483.9603446
65,1934,37,1594989483.9603446
66,1934,37,1594989483.961346
67,1934,37,1594989483.9623466
68,1934,37,1594989483.9623466
69,1934,37,1594989483.9633477
70,1934,37,1594989483.9643483
71,1934,37,1594989483.9643483
72,1934,37,1594989483.9653492
73,1934,37,1594989483.9663503
74,1934,37,1594989483.9663503
75,1934,37,1594989483.967351
76,1934,37,1594989483.968352
77,1934,37,1594989483.969353
78,1934,37,1594989483.969353
79,1934,37,1594989483.9703538
80,1934,37,1594989483.9713547
81,1934,37,1594989483.9713547
82,1934,37,1594989483.9723556
83,1934,37,1594989483.9733565
84,1934,37,1594989483.9733565
85,1934,37,1594989483.9743578
86,1934,37,1594989483.9753582
87,1934,37,1594989483.9753582
88,1934,37,1594989483.9763591
89,1934,37,1594989483.97736
90,1934,37,1594989483.97736
91,1934,37,1594989483.9783611
92,1934,37,1594989483.9793622
93,1934,37,1594989483.9793622
94,1934,37,1594989483.9803627
95,1934,37,1594989483.981364
96,1934,37,1594989483.981364
97,1934,37,1594989483.9823647
98,1934,37,1594989483.9833653
99,1934,37,1594989483.9833653
100,1934,37,1594989483.9843667
101,1934,37,1594989483.9853675
102,1934,37,1594989483.9853675
103,1934,37,1594989483.9863684
104,1934,37,1594989483.9873693
105,1934,37,1594989483.9883702
106,1934,37,1594989483.9883702
107,1934,37,1594989483.9893708
108,1934,37,1594989483.9903722
109,1934,37,1594989483.9903722
110,1934,37,1594989483.991373
111,1934,37,1594989483.9923737
112,1934,37,1594989483.9923737
113,1934,37,1594989483.9933748
114,1934,37,1594989483.9943757
115,1934,37,1594989483.9943757
116,1934,37,1594989483.9953766
117,1934,37,1594989483.9963772
118,1934,37,1594989483.9963772
119,1934,37,1594989483.9973783
120,1934,37,1594989483.9983792
121,1934,37,1594989483.9983792
122,1934,37,1594989483.99938
123,1934,37,1594989484.0003812
124,1934,37,1594989484.0003812
125,1934,37,1594989484.0013819
126,1934,37,1594989484.002383
127,1934,37,1594989484.002383
128,1934,37,1594989484.0033839
129,1934,37,1594989484.0043848
130,1934,37,1594989484.0053856
131,1934,37,1594989484.0053856
132,1934,37,1594989484.0063868
133,1934,37,1594989484.0073874
134,1934,37,1594989484.0073874
135,1934,37,1594989484.0083883
136,1934,37,1594989484.0093894
137,1934,37,1594989484.0093894
138,1934,37,1594989484.0103903
139,1934,37,1594989484.0113912
140,1934,37,1594989484.0113912
141,1934,37,1594989484.012392
142,1934,37,1594989484.013393
143,1934,37,1594989484.013393
144,1934,37,1594989484.014394
145,1934,37,1594989484.015395
146,1934,37,1594989484.015395
147,1934,37,1594989484.0163956
148,1934,37,1594989484.0173965
149,1934,37,1594989484.0173965
150,1934,37,1594989484.0183973
151,1934,37,1594989484.0193985
152,1934,37,1594989484.0203993
153,1934,37,1594989484.0203993
154,1934,37,1594989484.0214002
155,1934,37,1594989484.022401
156,1934,37,1594989484.022401
157,1934,37,1594989484.023402
158,1934,37,1594989484.024403
159,1934,37,1594989484.024403
160,1934,37,1594989484.025404
161,1934,37,1594989484.0264046
162,1934,37,1594989484.0264046
163,1934,37,1594989484.0274057
164,1934,37,1594989484.0284066
165,1934,37,1594989484.0284066
166,1934,37,1594989484.0294075
167,1934,37,1594989484.0304084
168,1934,37,1594989484.0304084
169,1934,37,1594989484.0314093
170,1934,37,1594989484.0324101
171,1934,37,1594989484.033411
172,1934,37,1594989484.033411
173,1934,37,1594989484.0344121
174,1934,37,1594989484.0354128
175,1934,37,1594989484.0354128
176,1934,37,1594989484.0364137
177,1934,37,1594989484.0374146
178,1934,37,1594989484.0374146
179,1934,37,1594989484.0384157
180,1934,37,1594989484.0394163
181,1934,37,1594989484.0394163
182,1934,37,1594989484.0404174
183,1934,37,1594989484.0414186
184,1934,37,1594989484.0414186
185,1934,37,1594989484.0424192
186,1934,37,1594989484.0434198
187,1934,37,1594989484.0434198
188,1934,37,1594989484.0444214
189,1934,37,1594989484.0454218
190,1934,37,1594989484.0464232
191,1934,37,1594989484.0464232
192,1934,37,1594989484.047424
193,1934,37,1594989484.0484247
194,1934,37,1594989484.0484247
195,1934,37,1594989484.0494256
196,1934,37,1594989484.0504267
197,1934,37,1594989484.0504267
198,1934,37,1594989484.0514276
199,1934,37,1594989484.0524282
200,1934,37,1594989484.0524282
201,1934,37,1594989484.0534294
202,1934,37,1594989484.0544302
203,1934,37,1594989484.0544302
204,1934,37,1594989484.0554311
205,1934,37,1594989484.0564322
206,1934,37,1594989484.0564322
207,1934,37,1594989484.0574331
208,1934,37,1594989484.058434
209,1934,37,1594989484.0594347
210,1934,37,1594989484.0594347
211,1934,37,1594989484.0604358
212,1934,37,1594989484.0614364
213,1934,37,1594989484.0614364
214,1934,37,1594989484.0624373
215,1934,37,1594989484.0634384
216,1934,37,1594989484.0634384
217,1934,37,1594989484.0644393
218,1934,37,1594989484.0654402
219,1934,37,1594989484.0654402
220,1934,37,1594989484.0664413
221,1934,37,1594989484.0674422
222,1934,37,1594989484.0674422
223,1934,37,1594989484.0684428
224,1934,37,1594989484.069444
225,1934,37,1594989484.0704448
226,1934,37,1594989484.0704448
227,1934,37,1594989484.0714457
228,1934,37,1594989484.0724468
229,1934,37,1594989484.0724468
230,1934,37,1594989484.0734475
231,1934,37,1594989484.0744486
232,1934,37,1594989484.0744486
233,1934,37,1594989484.0754492
234,1934,37,1594989484.0764503
235,1934,37,1594989484.0764503
236,1934,37,1594989484.077451
237,1934,37,1594989484.0784519
238,1934,37,1594989484.0784519
239,1934,37,1594989484.079453
240,1934,37,1594989484.0804539
241,1934,37,1594989484.0814548
242,1934,37,1594989484.0814548
243,1934,37,1594989484.0824559
244,1934,37,1594989484.0834565
245,1934,37,1594989484.0834565
246,1934,37,1594989484.0844574
247,1934,37,1594989484.0854585
248,1934,37,1594989484.0854585
249,1934,37,1594989484.0864594
250,1934,37,1594989484.0874603
251,1934,37,1594989484.0874603
252,1934,37,1594989484.0884612
253,1934,37,1594989484.0894623
254,1934,37,1594989484.090463
255,1934,37,1594989484.090463
256,1934,37,1594989484.091464
257,1934,37,1594989484.092465
258,1934,37,1594989484.092465
259,1934,37,1594989484.0934658
260,1934,37,1594989484.0944664
261,1934,37,1594989484.0944664
262,1934,37,1594989484.0954678
263,1934,37,1594989484.0964684
264,1934,37,1594989484.0964684
265,1934,37,1594989484.097469
266,1934,37,1594989484.0984704
267,1934,37,1594989484.0984704
268,1934,37,1594989484.099471
269,1934,37,1594989484.100472
270,1934,37,1594989484.101473
271,1934,37,1594989484.102474
272,1934,37,1594989484.103475
273,1934,37,1594989484.103475
274,1934,37,1594989484.1044757
275,1934,37,1594989484.1054766
276,1934,37,1594989484.106479
277,1934,37,1594989484.106479
278,1934,37,1594989484.1074793
279,1934,37,1594989484.1084802
280,1934,37,1594989484.1084802
281,1934,37,1594989484.1094813
282,1934,37,1594989484.1104822
283,1934,37,1594989484.1104822
284,1934,37,1594989484.111483
285,1934,37,1594989484.112484
286,1934,37,1594989484.1134844
287,1934,37,1594989484.1134844
288,1934,37,1594989484.1144848
289,1934,37,1594989484.1154857
290,1934,37,1594989484.1164865
291,1934,37,1594989484.1164865
292,1934,37,1594989484.117488
293,1934,37,1594989484.1184888
294,1934,37,1594989484.1184888
295,1934,37,1594989484.1194894
296,1934,37,1594989484.1204906
297,1934,37,1594989484.1204906
298,1934,37,1594989484.1214914
299,1934,37,1594989484.122493
300,1934,37,1594989484.122493
301,1934,37,1594989484.1234932
302,1934,37,1594989484.1244948
303,1934,37,1594989484.1254947
304,1934,37,1594989484.1254947
305,1934,37,1594989484.126496
306,1934,37,1594989484.1274967
307,1934,37,1594989484.1274967
308,1934,37,1594989484.1284976
309,1934,37,1594989484.1294987
310,1934,37,1594989484.1294987
311,1934,37,1594989484.1304996
312,1934,37,1594989484.1315002
313,1934,37,1594989484.132501
314,1934,37,1594989484.132501
315,1934,37,1594989484.1335022
316,1934,37,1594989484.1345031
317,1934,37,1594989484.1345031
318,1934,37,1594989484.1355038
319,1934,37,1594989484.1365047
320,1934,37,1594989484.1365047
321,1934,37,1594989484.1375058
322,1934,37,1594989484.1385064
323,1934,37,1594989484.1385064
324,1934,37,1594989484.1395075
325,1934,37,1594989484.1405084
326,1934,37,1594989484.1415095
327,1934,37,1594989484.1415095
328,1934,37,1594989484.1425104
329,1934,37,1594989484.1435113
330,1934,37,1594989484.1435113
331,1934,37,1594989484.1445124
332,1934,37,1594989484.145513
333,1934,37,1594989484.145513
334,1934,37,1594989484.1465142
335,1934,37,1594989484.1475148
336,1934,37,1594989484.1485162
337,1934,37,1594989484.1485162
338,1934,37,1594989484.1495168
339,1934,37,1594989484.150518
340,1934,37,1594989484.150518
341,1934,37,1594989484.1515188
342,1934,37,1594989484.1525195
343,1934,37,1594989484.1525195
344,1934,37,1594989484.1535203
345,1934,37,1594989484.1545217
346,1934,37,1594989484.155522
347,1934,37,1594989484.155522
348,1934,37,1594989484.156523
349,1934,37,1594989484.1575239
350,1934,37,1594989484.1575239
351,1934,37,1594989484.158525
352,1934,37,1594989484.1595256
353,1934,37,1594989484.1595256
354,1934,37,1594989484.160527
355,1934,37,1594989484.1615276
356,1934,37,1594989484.1615276
357,1934,37,1594989484.1625288
358,1934,37,1594989484.1635296
359,1934,37,1594989484.1645305
360,1934,37,1594989484.1645305
361,1934,37,1594989484.1655312
362,1934,37,1594989484.166532
363,1934,37,1594989484.166532
364,1934,37,1594989484.1675334
365,1934,37,1594989484.168534
366,1934,37,1594989484.168534
367,1934,37,1594989484.169535
368,1934,37,1594989484.170536
369,1934,37,1594989484.1715367
370,1934,37,1594989484.1715367
371,1934,37,1594989484.1725376
372,1934,37,1594989484.1735384
373,1934,37,1594989484.1735384
374,1934,37,1594989484.1745396
375,1934,37,1594989484.1755402
376,1934,37,1594989484.1755402
377,1934,37,1594989484.176541
378,1934,37,1594989484.1775422
379,1934,37,1594989484.1775422
380,1934,37,1594989484.178543
381,1934,37,1594989484.179544
382,1934,37,1594989484.180545
383,1934,37,1594989484.180545
384,1934,37,1594989484.181546
385,1934,37,1594989484.1825466
386,1934,37,1594989484.1825466
387,1934,37,1594989484.1835477
388,1934,37,1594989484.1845486
389,1934,37,1594989484.1845486
390,1934,37,1594989484.1855493
391,1934,37,1594989484.1865509
392,1934,37,1594989484.1875513
393,1934,37,1594989484.1875513
394,1934,37,1594989484.1885524
395,1934,37,1594989484.1895528
396,1934,37,1594989484.1895528
397,1934,37,1594989484.1905541
398,1934,37,1594989484.1915548
399,1934,37,1594989484.1915548
400,1934,37,1594989484.1925557
401,1934,37,1594989484.1935568
402,1934,37,1594989484.1945577
403,1934,37,1594989484.1945577
404,1934,37,1594989484.1955597
405,1934,37,1594989484.1965597
406,1934,37,1594989484.1965597
407,1934,37,1594989484.1975603
408,1934,37,1594989484.1985612
409,1934,37,1594989484.1985612
410,1934,37,1594989484.199562
411,1934,37,1594989484.2005632
412,1934,37,1594989484.2015638
413,1934,37,1594989484.2018502
414,1934,37,1594989484.2025652
415,1934,37,1594989484.2035658
416,1934,37,1594989484.2035658
417,1934,37,1594989484.2045667
418,1934,37,1594989484.2055678
419,1934,37,1594989484.2055678
420,1934,37,1594989484.2065687
421,1934,37,1594989484.2075694
422,1934,37,1594989484.2085705
423,1934,37,1594989484.2085705
424,1934,37,1594989484.2095716
425,1934,37,1594989484.2105722
426,1934,37,1594989484.2105722
427,1934,37,1594989484.211573
428,1934,37,1594989484.212574
429,1934,37,1594989484.212574
430,1934,37,1594989484.213575
431,1934,37,1594989484.2145758
432,1934,37,1594989484.215577
433,1934,37,1594989484.215577
434,1934,37,1594989484.2165778
435,1934,37,1594989484.2175784
436,1934,37,1594989484.2175784
437,1934,37,1594989484.2185798
438,1934,37,1594989484.2195804
439,1934,37,1594989484.2195804
440,1934,37,1594989484.2205813
441,1934,37,1594989484.2215822
442,1934,37,1594989484.2225833
443,1934,37,1594989484.2225833
444,1934,37,1594989484.223584
445,1934,37,1594989484.224585
446,1934,37,1594989484.224585
447,1934,37,1594989484.225586
448,1934,37,1594989484.2265868
449,1934,37,1594989484.2275877
450,1934,37,1594989484.2275877
451,1934,37,1594989484.2285886
452,1934,37,1594989484.2295895
453,1934,37,1594989484.2295895
454,1934,37,1594989484.2305906
455,1934,37,1594989484.2315912
456,1934,37,1594989484.2315912
457,1934,37,1594989484.232592
458,1934,37,1594989484.233593
459,1934,37,1594989484.2345946
460,1934,37,1594989484.2345946
461,1934,37,1594989484.235595
462,1934,37,1594989484.2365956
463,1934,37,1594989484.2365956
464,1934,37,1594989484.2375968
465,1934,37,1594989484.2385976
466,1934,37,1594989484.2385976
467,1934,37,1594989484.2395985
468,1934,37,1594989484.2405994
469,1934,37,1594989484.2416005
470,1934,37,1594989484.2416005
471,1934,37,1594989484.2426012
472,1934,37,1594989484.2436023
473,1934,37,1594989484.2436023
474,1934,37,1594989484.2446032
475,1934,37,1594989484.245604
476,1934,37,1594989484.2466054
477,1934,37,1594989484.2466054
478,1934,37,1594989484.2476058
479,1934,37,1594989484.248607
480,1934,37,1594989484.248607
481,1934,37,1594989484.2496076
482,1934,37,1594989484.250609
483,1934,37,1594989484.250609
484,1934,37,1594989484.2516093
485,1934,37,1594989484.252611
486,1934,37,1594989484.2536113
487,1934,37,1594989484.2536113
488,1934,37,1594989484.2546124
489,1934,37,1594989484.2556129
490,1934,37,1594989484.2556129
491,1934,37,1594989484.2566144
492,1934,37,1594989484.2576149
493,1934,37,1594989484.2586157
494,1934,37,1594989484.2586157
495,1934,37,1594989484.2596169
496,1934,37,1594989484.2606177
497,1934,37,1594989484.2606177
498,1934,37,1594989484.2616186
499,1934,37,1594989484.2626195
500,1934,37,1594989484.2626195
501,1934,37,1594989484.2636204
502,1934,37,1594989484.2646213
503,1934,37,1594989484.2656224
504,1934,37,1594989484.2656224
505,1934,37,1594989484.266623
506,1934,37,1594989484.267624
507,1934,37,1594989484.267624
508,1934,37,1594989484.2686255
509,1934,37,1594989484.269626
510,1934,37,1594989484.2706268
511,1934,37,1594989484.2706268
512,1934,37,1594989484.2716277
513,1934,37,1594989484.2726285
514,1934,37,1594989484.2726285
515,1934,37,1594989484.2736294
516,1934,37,1594989484.2746303
517,1934,37,1594989484.2746303
518,1934,37,1594989484.2756314
519,1934,37,1594989484.2766325
520,1934,37,1594989484.277633
521,1934,37,1594989484.277633
522,1934,37,1594989484.2786345
523,1934,37,1594989484.279635
524,1934,37,1594989484.279635
525,1934,37,1594989484.2806358
526,1934,37,1594989484.2816367
527,1934,37,1594989484.282638
528,1934,37,1594989484.282638
529,1934,37,1594989484.2836385
530,1934,37,1594989484.2846396
531,1934,37,1594989484.2846396
532,1934,37,1594989484.2856405
533,1934,37,1594989484.2866418
534,1934,37,1594989484.2866418
535,1934,37,1594989484.287642
536,1934,37,1594989484.2886436
537,1934,37,1594989484.289644
538,1934,37,1594989484.289644
539,1934,37,1594989484.290645
540,1934,37,1594989484.2916462
541,1934,37,1594989484.2916462
542,1934,37,1594989484.292647
543,1934,37,1594989484.2936475
544,1934,37,1594989484.2946486
545,1934,37,1594989484.2946486
546,1934,37,1594989484.2956495
547,1934,37,1594989484.2966511
548,1934,37,1594989484.2966511
549,1934,37,1594989484.2976513
550,1934,37,1594989484.2986526
551,1934,37,1594989484.2986526
552,1934,37,1594989484.299653
553,1934,37,1594989484.3006542
554,1934,37,1594989484.3016548
555,1934,37,1594989484.3016548
556,1934,37,1594989484.302656
557,1934,37,1594989484.3036568
558,1934,37,1594989484.3036568
559,1934,37,1594989484.304658
560,1934,37,1594989484.3056586
561,1934,37,1594989484.30666
562,1934,37,1594989484.30666
563,1934,37,1594989484.3076603
564,1934,37,1594989484.3086612
565,1934,37,1594989484.3086612
566,1934,37,1594989484.309662
567,1934,37,1594989484.3106632
568,1934,37,1594989484.3106632
569,1934,37,1594989484.311664
570,1934,37,1594989484.312665
571,1934,37,1594989484.3136659
572,1934,37,1594989484.3136659
573,1934,37,1594989484.314667
574,1934,37,1594989484.3156679
575,1934,37,1594989484.3156679
576,1934,37,1594989484.316669
577,1934,37,1594989484.3176694
578,1934,37,1594989484.3186707
579,1934,37,1594989484.3186707
580,1934,37,1594989484.3196714
581,1934,37,1594989484.3206723
582,1934,37,1594989484.3206723
583,1934,37,1594989484.3216732
584,1934,37,1594989484.3226743
585,1934,37,1594989484.323675
586,1934,37,1594989484.323675
587,1934,37,1594989484.3246758
588,1934,37,1594989484.325677
589,1934,37,1594989484.325677
590,1934,37,1594989484.326678
591,1934,37,1594989484.3276787
592,1934,37,1594989484.3276787
593,1934,37,1594989484.3286796
594,1934,37,1594989484.3296807
595,1934,37,1594989484.3306816
596,1934,37,1594989484.3306816
597,1934,37,1594989484.3316822
598,1934,37,1594989484.332683
599,1934,37,1594989484.332683
600,1934,37,1594989484.3336842
601,1934,37,1594989484.3346848
602,1934,37,1594989484.335686
603,1934,37,1594989484.335686
604,1934,37,1594989484.336687
605,1934,37,1594989484.3376877
606,1934,37,1594989484.3376877
607,1934,37,1594989484.3386905
608,1934,37,1594989484.3396895
609,1934,37,1594989484.3396895
610,1934,37,1594989484.3406904
611,1934,37,1594989484.3416915
612,1934,37,1594989484.3426924
613,1934,37,1594989484.3426924
614,1934,37,1594989484.3436933
615,1934,37,1594989484.344694
616,1934,37,1594989484.344694
617,1934,37,1594989484.3458679
618,1934,37,1594989484.3466961
619,1934,37,1594989484.3476968
620,1934,37,1594989484.3476968
621,1934,37,1594989484.3486981
622,1934,37,1594989484.3496985
623,1934,37,1594989484.3496985
624,1934,37,1594989484.3506994
625,1934,37,1594989484.3517005
626,1934,37,1594989484.3527012
627,1934,37,1594989484.3527012
628,1934,37,1594989484.3537023
629,1934,37,1594989484.3547032
630,1934,37,1594989484.3547032
631,1934,37,1594989484.355704
632,1934,37,1594989484.3567052
633,1934,37,1594989484.3567052
634,1934,37,1594989484.357706
635,1934,37,1594989484.3587072
636,1934,37,1594989484.3597078
637,1934,37,1594989484.3597078
638,1934,37,1594989484.360709
639,1934,37,1594989484.3617096
640,1934,37,1594989484.3617096
641,1934,37,1594989484.3627107
642,1934,37,1594989484.3637116
643,1934,37,1594989484.3647122
644,1934,37,1594989484.3647122
645,1934,37,1594989484.3657134
646,1934,37,1594989484.3667147
647,1934,37,1594989484.3667147
648,1934,37,1594989484.3677151
649,1934,37,1594989484.3687162
650,1934,37,1594989484.3687162
651,1934,37,1594989484.3697166
652,1934,37,1594989484.370718
653,1934,37,1594989484.3717186
654,1934,37,1594989484.3717186
655,1934,37,1594989484.3727195
656,1934,37,1594989484.3737206
657,1934,37,1594989484.3737206
658,1934,37,1594989484.3747215
659,1934,37,1594989484.3757222
660,1934,37,1594989484.3767238
661,1934,37,1594989484.3767238
662,1934,37,1594989484.3777242
663,1934,37,1594989484.378726
664,1934,37,1594989484.378726
665,1934,37,1594989484.3797262
666,1934,37,1594989484.380727
667,1934,37,1594989484.3817277
668,1934,37,1594989484.3817277
669,1934,37,1594989484.382729
670,1934,37,1594989484.3837297
671,1934,37,1594989484.3837297
672,1934,37,1594989484.3847306
673,1934,37,1594989484.3857312
674,1934,37,1594989484.3857312
675,1934,37,1594989484.3867328
676,1934,37,1594989484.3877332
677,1934,37,1594989484.3887346
678,1934,37,1594989484.3887346
679,1934,37,1594989484.3897352
680,1934,37,1594989484.3907359
681,1934,37,1594989484.3907359
682,1934,37,1594989484.3917367
683,1934,37,1594989484.3927379
684,1934,37,1594989484.3937387
685,1934,37,1594989484.3937387
686,1934,37,1594989484.3947396
687,1934,37,1594989484.3957405
688,1934,37,1594989484.3957405
689,1934,37,1594989484.3967419
690,1934,37,1594989484.3977423
691,1934,37,1594989484.3977423
692,1934,37,1594989484.3987439
693,1934,37,1594989484.3997443
694,1934,37,1594989484.4007452
695,1934,37,1594989484.4007452
696,1934,37,1594989484.4017463
697,1934,37,1594989484.402747
698,1934,37,1594989484.402747
699,1934,37,1594989484.4037478
700,1934,37,1594989484.404749
701,1934,37,1594989484.4057496
702,1934,37,1594989484.4057496
703,1934,37,1594989484.406751
704,1934,37,1594989484.4077675
705,1934,37,1594989484.4077675
706,1934,37,1594989484.4087524
707,1934,37,1594989484.4097533
708,1934,37,1594989484.4097533
709,1934,37,1594989484.4107542
710,1934,37,1594989484.411755
711,1934,37,1594989484.412756
712,1934,37,1594989484.412756
713,1934,37,1594989484.4137568
714,1934,37,1594989484.414758
715,1934,37,1594989484.414758
716,1934,37,1594989484.4157586
717,1934,37,1594989484.41676
718,1934,37,1594989484.4177606
719,1934,37,1594989484.4177606
720,1934,37,1594989484.418762
721,1934,37,1594989484.4197624
722,1934,37,1594989484.4197624
723,1934,37,1594989484.4207635
724,1934,37,1594989484.4217641
725,1934,37,1594989484.4217641
726,1934,37,1594989484.422765
727,1934,37,1594989484.423766
728,1934,37,1594989484.424767
729,1934,37,1594989484.424767
730,1934,37,1594989484.4257677
731,1934,37,1594989484.4267693
732,1934,37,1594989484.4267693
733,1934,37,1594989484.4277697
734,1934,37,1594989484.428771
735,1934,37,1594989484.4297714
736,1934,37,1594989484.4297714
737,1934,37,1594989484.4307725
738,1934,37,1594989484.4317732
739,1934,37,1594989484.4317732
740,1934,37,1594989484.432774
741,1934,37,1594989484.4337752
742,1934,37,1594989484.434776
743,1934,37,1594989484.434776
744,1934,37,1594989484.435777
745,1934,37,1594989484.4367783
746,1934,37,1594989484.4367783
747,1934,37,1594989484.4377787
748,1934,37,1594989484.43878
749,1934,37,1594989484.4397807
750,1934,37,1594989484.4397807
751,1934,37,1594989484.4407816
752,1934,37,1594989484.4417822
753,1934,37,1594989484.4417822
754,1934,37,1594989484.4427836
755,1934,37,1594989484.4437842
756,1934,37,1594989484.4437842
757,1934,37,1594989484.444785
758,1934,37,1594989484.445786
759,1934,37,1594989484.4467874
760,1934,37,1594989484.4467874
761,1934,37,1594989484.4477878
762,1934,37,1594989484.448789
763,1934,37,1594989484.448789
764,1934,37,1594989484.4497898
765,1934,37,1594989484.4507906
766,1934,37,1594989484.4517915
767,1934,37,1594989484.4517915
768,1934,37,1594989484.4527924
769,1934,37,1594989484.4537933
770,1934,37,1594989484.4537933
771,1934,37,1594989484.4547942
772,1934,37,1594989484.4557953
773,1934,37,1594989484.4557953
774,1934,37,1594989484.4567964
775,1934,37,1594989484.4580944
776,1934,37,1594989484.4587986
777,1934,37,1594989484.4587986
778,1934,37,1594989484.4597988
779,1934,37,1594989484.4607997
780,1934,37,1594989484.4607997
781,1934,37,1594989484.4618008
782,1934,37,1594989484.4628015
783,1934,37,1594989484.4638023
784,1934,37,1594989484.4638023
785,1934,37,1594989484.4648037
786,1934,37,1594989484.4658043
787,1934,37,1594989484.4658043
788,1934,37,1594989484.466805
789,1934,37,1594989484.4678068
790,1934,37,1594989484.468807
791,1934,37,1594989484.468807
792,1934,37,1594989484.4698083
793,1934,37,1594989484.4708087
794,1934,37,1594989484.4708087
795,1934,37,1594989484.4718099
796,1934,37,1594989484.4728107
797,1934,37,1594989484.4738114
798,1934,37,1594989484.4738114
799,1934,37,1594989484.4748127
800,1934,37,1594989484.4758134
801,1934,37,1594989484.4758134
802,1934,37,1594989484.476814
803,1934,37,1594989484.4778156
804,1934,37,1594989484.4778156
805,1934,37,1594989484.478816
806,1934,37,1594989484.4798174
807,1934,37,1594989484.480818
808,1934,37,1594989484.480818
809,1934,37,1594989484.481819
810,1934,37,1594989484.4828196
811,1934,37,1594989484.4828196
812,1934,37,1594989484.4838204
813,1934,37,1594989484.4848216
814,1934,37,1594989484.4858224
815,1934,37,1594989484.4858224
816,1934,37,1594989484.4868233
817,1934,37,1594989484.4878247
818,1934,37,1594989484.4878247
819,1934,37,1594989484.4888253
820,1934,37,1594989484.4898264
821,1934,37,1594989484.4898264
822,1934,37,1594989484.490827
823,1934,37,1594989484.491828
824,1934,37,1594989484.4928286
825,1934,37,1594989484.4928286
826,1934,37,1594989484.49383
827,1934,37,1594989484.4948306
828,1934,37,1594989484.4948306
829,1934,37,1594989484.4958315
830,1934,37,1594989484.4968326
831,1934,37,1594989484.4978337
832,1934,37,1594989484.4978337
833,1934,37,1594989484.4988341
834,1934,37,1594989484.4998357
835,1934,37,1594989484.4998357
836,1934,37,1594989484.5008361
837,1934,37,1594989484.501837
838,1934,37,1594989484.5028381
839,1934,37,1594989484.5028381
840,1934,37,1594989484.503839
841,1934,37,1594989484.5048397
842,1934,37,1594989484.5048397
843,1934,37,1594989484.5058405
844,1934,37,1594989484.506842
845,1934,37,1594989484.5078425
846,1934,37,1594989484.5078425
847,1934,37,1594989484.5088434
848,1934,37,1594989484.5098448
849,1934,37,1594989484.5098448
850,1934,37,1594989484.5108452
851,1934,37,1594989484.511846
852,1934,37,1594989484.511846
853,1934,37,1594989484.5128472
854,1934,37,1594989484.5138478
855,1934,37,1594989484.5148487
856,1934,37,1594989484.5148487
857,1934,37,1594989484.5158498
858,1934,37,1594989484.5168507
859,1934,37,1594989484.5168507
860,1934,37,1594989484.5178518
861,1934,37,1594989484.5188527
862,1934,37,1594989484.5198538
863,1934,37,1594989484.5198538
864,1934,37,1594989484.5208545
865,1934,37,1594989484.521855
866,1934,37,1594989484.521855
867,1934,37,1594989484.5228565
868,1934,37,1594989484.523857
869,1934,37,1594989484.524858
870,1934,37,1594989484.524858
871,1934,37,1594989484.5258589
872,1934,37,1594989484.5268598
873,1934,37,1594989484.5268598
874,1934,37,1594989484.5278609
875,1934,37,1594989484.5288618
876,1934,37,1594989484.5288618
877,1934,37,1594989484.5298629
878,1934,37,1594989484.5308633
879,1934,37,1594989484.5318644
880,1934,37,1594989484.5318644
881,1934,37,1594989484.5328653
882,1934,37,1594989484.533866
883,1934,37,1594989484.533866
884,1934,37,1594989484.534867
885,1934,37,1594989484.535868
886,1934,37,1594989484.5368688
887,1934,37,1594989484.5368688
888,1934,37,1594989484.5378702
889,1934,37,1594989484.5388708
890,1934,37,1594989484.5388708
891,1934,37,1594989484.539872
892,1934,37,1594989484.5408723
893,1934,37,1594989484.5418737
894,1934,37,1594989484.5418737
895,1934,37,1594989484.5428743
896,1934,37,1594989484.543875
897,1934,37,1594989484.543875
898,1934,37,1594989484.544876
899,1934,37,1594989484.5458772
900,1934,37,1594989484.5468779
901,1934,37,1594989484.5468779
902,1934,37,1594989484.5478795
903,1934,37,1594989484.5488799
904,1934,37,1594989484.5488799
905,1934,37,1594989484.5498805
906,1934,37,1594989484.5508816
907,1934,37,1594989484.5518825
908,1934,37,1594989484.5518825
909,1934,37,1594989484.5528834
910,1934,37,1594989484.5538845
911,1934,37,1594989484.5538845
912,1934,37,1594989484.5548856
913,1934,37,1594989484.555886
914,1934,37,1594989484.555886
915,1934,37,1594989484.5568871
916,1934,37,1594989484.557888
917,1934,37,1594989484.558889
918,1934,37,1594989484.558889
919,1934,37,1594989484.5598903
920,1934,37,1594989484.5608907
921,1934,37,1594989484.5608907
922,1934,37,1594989484.5618916
923,1934,37,1594989484.5628924
924,1934,37,1594989484.5638936
925,1934,37,1594989484.5638936
926,1934,37,1594989484.5648944
927,1934,37,1594989484.565895
928,1934,37,1594989484.565895
929,1934,37,1594989484.5668962
930,1934,37,1594989484.5678973
931,1934,37,1594989484.568898
932,1934,37,1594989484.568898
933,1934,37,1594989484.5698996
934,1934,37,1594989484.5709
935,1934,37,1594989484.5709
936,1934,37,1594989484.5719008
937,1934,37,1594989484.5729017
938,1934,37,1594989484.5739026
939,1934,37,1594989484.5739026
940,1934,37,1594989484.5749035
941,1934,37,1594989484.5759044
942,1934,37,1594989484.5759044
943,1934,37,1594989484.5769053
944,1934,37,1594989484.5779064
945,1934,37,1594989484.5779064
946,1934,37,1594989484.5789073
947,1934,37,1594989484.5799084
948,1934,37,1594989484.5809088
949,1934,37,1594989484.5809088
950,1934,37,1594989484.5819101
951,1934,37,1594989484.5829108
952,1934,37,1594989484.5829108
953,1934,37,1594989484.5839117
954,1934,37,1594989484.5849125
955,1934,37,1594989484.5859137
956,1934,37,1594989484.5859137
957,1934,37,1594989484.5869145
958,1934,37,1594989484.5879195
959,1934,37,1594989484.5879195
960,1934,37,1594989484.588918
961,1934,37,1594989484.5899193
962,1934,37,1594989484.5909197
963,1934,37,1594989484.5909197
964,1934,37,1594989484.5919206
965,1934,37,1594989484.5929215
966,1934,37,1594989484.5929215
967,1934,37,1594989484.5939224
968,1934,37,1594989484.5949235
969,1934,37,1594989484.5959241
970,1934,37,1594989484.5959241
971,1934,37,1594989484.5969253
972,1934,37,1594989484.5979264
973,1934,37,1594989484.5979264
974,1934,37,1594989484.5989268
975,1934,37,1594989484.5999284
976,1934,37,1594989484.5999284
977,1934,37,1594989484.6009288
978,1934,37,1594989484.6019297
979,1934,37,1594989484.6029308
980,1934,37,1594989484.6029308
981,1934,37,1594989484.6039317
982,1934,37,1594989484.6049325
983,1934,37,1594989484.6049325
984,1934,37,1594989484.6059334
985,1934,37,1594989484.6069343
986,1934,37,1594989484.6079352
987,1934,37,1594989484.6079352
988,1934,37,1594989484.6089358
989,1934,37,1594989484.6099374
990,1934,37,1594989484.6099374
991,1934,37,1594989484.6109378
992,1934,37,1594989484.6119387
993,1934,37,1594989484.6129398
994,1934,37,1594989484.6129398
995,1934,37,1594989484.6139405
996,1934,37,1594989484.6149416
997,1934,37,1594989484.6149416
998,1934,37,1594989484.6159427
999,1934,37,1594989484.6169434
1000,1934,37,1594989484.6179445
1001,1934,37,1594989484.6179445
1002,1934,37,1594989484.6189454
1003,1934,37,1594989484.6199465
1004,1934,37,1594989484.6199465
1005,1934,37,1594989484.620947
1006,1934,37,1594989484.621948
1007,1934,37,1594989484.622949
1008,1934,37,1594989484.622949
1009,1934,37,1594989484.6239498
1010,1934,37,1594989484.624951
1011,1934,37,1594989484.624951
1012,1934,37,1594989484.6259515
1013,1934,37,1594989484.6269524
1014,1934,37,1594989484.6279538
1015,1934,37,1594989484.6279538
1016,1934,37,1594989484.6289544
1017,1934,37,1594989484.6299555
1018,1934,37,1594989484.6299555
1019,1934,37,1594989484.630956
1020,1934,37,1594989484.631957
1021,1934,37,1594989484.631957
1022,1934,37,1594989484.6329577
1023,1934,37,1594989484.6339588
1024,1934,37,1594989484.63496
1025,1934,37,1594989484.63496
1026,1934,37,1594989484.6359608
1027,1934,37,1594989484.6369615
1028,1934,37,1594989484.6369615
1029,1934,37,1594989484.6379628
1030,1934,37,1594989484.6389632
1031,1934,37,1594989484.6399646
1032,1934,37,1594989484.6399646
1033,1934,37,1594989484.6409652
1034,1934,37,1594989484.641966
1035,1934,37,1594989484.641966
1036,1934,37,1594989484.642967
1037,1934,37,1594989484.643968
1038,1934,37,1594989484.644969
1039,1934,37,1594989484.644969
1040,1934,37,1594989484.6459699
1041,1934,37,1594989484.6469705
1042,1934,37,1594989484.6469705
1043,1934,37,1594989484.6479719
1044,1934,37,1594989484.6489723
1045,1934,37,1594989484.6499739
1046,1934,37,1594989484.6499739
1047,1934,37,1594989484.6509748
1048,1934,37,1594989484.6519752
1049,1934,37,1594989484.6519752
1050,1934,37,1594989484.652976
1051,1934,37,1594989484.6539772
1052,1934,37,1594989484.6539772
1053,1934,37,1594989484.6549778
1054,1934,37,1594989484.655979
1055,1934,37,1594989484.6569798
1056,1934,37,1594989484.6569798
1057,1934,37,1594989484.6579807
1058,1934,37,1594989484.6589816
1059,1934,37,1594989484.6589816
1060,1934,37,1594989484.659983
1061,1934,37,1594989484.6609836
1062,1934,37,1594989484.6619842
1063,1934,37,1594989484.6619842
1064,1934,37,1594989484.6629853
1065,1934,37,1594989484.6639862
1066,1934,37,1594989484.6639862
1067,1934,37,1594989484.6649868
1068,1934,37,1594989484.6659882
1069,1934,37,1594989484.6669886
1070,1934,37,1594989484.6669886
1071,1934,37,1594989484.6679902
1072,1934,37,1594989484.6689906
1073,1934,37,1594989484.6689906
1074,1934,37,1594989484.669992
1075,1934,37,1594989484.6709924
1076,1934,37,1594989484.6719933
1077,1934,37,1594989484.6719933
1078,1934,37,1594989484.6729944
1079,1934,37,1594989484.6739953
1080,1934,37,1594989484.6739953
1081,1934,37,1594989484.6749961
1082,1934,37,1594989484.675997
1083,1934,37,1594989484.676998
1084,1934,37,1594989484.676998
1085,1934,37,1594989484.677999
1086,1934,37,1594989484.679
1087,1934,37,1594989484.679
1088,1934,37,1594989484.680001
1089,1934,37,1594989484.6810017
1090,1934,37,1594989484.6820028
1091,1934,37,1594989484.683004
1092,1934,37,1594989484.683004
1093,1934,37,1594989484.6840043
1094,1934,37,1594989484.6850054
1095,1934,37,1594989484.686006
1096,1934,37,1594989484.686006
1097,1934,37,1594989484.6870072
1098,1934,37,1594989484.6880085
1099,1934,37,1594989484.6880085
1100,1934,37,1594989484.689009
1101,1934,37,1594989484.6900098
1102,1934,37,1594989484.6900098
1103,1934,37,1594989484.6910105
1104,1934,37,1594989484.6920118
1105,1934,37,1594989484.6930125
1106,1934,37,1594989484.6930125
1107,1934,37,1594989484.6940134
1108,1934,37,1594989484.6950145
1109,1934,37,1594989484.6950145
1110,1934,37,1594989484.6960151
1111,1934,37,1594989484.6970162
1112,1934,37,1594989484.6980174
1113,1934,37,1594989484.6980174
1114,1934,37,1594989484.699018
1115,1934,37,1594989484.7000191
1116,1934,37,1594989484.7000191
1117,1934,37,1594989484.70102
1118,1934,37,1594989484.702021
1119,1934,37,1594989484.7030215
1120,1934,37,1594989484.7030215
1121,1934,37,1594989484.7040226
1122,1934,37,1594989484.7050235
1123,1934,37,1594989484.7050235
1124,1934,37,1594989484.7060242
1125,1934,37,1594989484.707025
1126,1934,37,1594989484.7080262
1127,1934,37,1594989484.7080262
1128,1934,37,1594989484.709027
1129,1934,37,1594989484.7100282
1130,1934,37,1594989484.7100282
1131,1934,37,1594989484.711029
1132,1934,37,1594989484.71203
1133,1934,37,1594989484.71203
1134,1934,37,1594989484.7130306
1135,1934,37,1594989484.7140317
1136,1934,37,1594989484.7150326
1137,1934,37,1594989484.7150326
1138,1934,37,1594989484.7160332
1139,1934,37,1594989484.7170343
1140,1934,37,1594989484.7170343
1141,1934,37,1594989484.7180357
1142,1934,37,1594989484.719036
1143,1934,37,1594989484.7200375
1144,1934,37,1594989484.7200375
1145,1934,37,1594989484.721038
1146,1934,37,1594989484.722039
1147,1934,37,1594989484.722039
1148,1934,37,1594989484.7230396
1149,1934,37,1594989484.7240407
1150,1934,37,1594989484.7250416
1151,1934,37,1594989484.7250416
1152,1934,37,1594989484.7260425
1153,1934,37,1594989484.7270434
1154,1934,37,1594989484.7270434
1155,1934,37,1594989484.7280447
1156,1934,37,1594989484.7290452
1157,1934,37,1594989484.7300467
1158,1934,37,1594989484.7300467
1159,1934,37,1594989484.731047
1160,1934,37,1594989484.7320476
1161,1934,37,1594989484.7320476
1162,1934,37,1594989484.73305
1163,1934,37,1594989484.73405
1164,1934,37,1594989484.7350512
1165,1934,37,1594989484.7350512
1166,1934,37,1594989484.7360518
1167,1934,37,1594989484.7370524
1168,1934,37,1594989484.7370524
1169,1934,37,1594989484.738054
1170,1934,37,1594989484.7390547
1171,1934,37,1594989484.7400558
1172,1934,37,1594989484.7400558
1173,1934,37,1594989484.7410562
1174,1934,37,1594989484.7420573
1175,1934,37,1594989484.7420573
1176,1934,37,1594989484.743058
1177,1934,37,1594989484.7440588
1178,1934,37,1594989484.7440588
1179,1934,37,1594989484.7450597
1180,1934,37,1594989484.7460608
1181,1934,37,1594989484.7470615
1182,1934,37,1594989484.7470615
1183,1934,37,1594989484.748063
1184,1934,37,1594989484.7490637
1185,1934,37,1594989484.7490637
1186,1934,37,1594989484.7500648
1187,1934,37,1594989484.7510653
1188,1934,37,1594989484.7520664
1189,1934,37,1594989484.7520664
1190,1934,37,1594989484.753067
1191,1934,37,1594989484.7540681
1192,1934,37,1594989484.7540681
1193,1934,37,1594989484.755069
1194,1934,37,1594989484.75607
1195,1934,37,1594989484.7570705
1196,1934,37,1594989484.7570705
1197,1934,37,1594989484.758072
1198,1934,37,1594989484.7590725
1199,1934,37,1594989484.7590725
1200,1934,37,1594989484.760074
1201,1934,37,1594989484.7610745
1202,1934,37,1594989484.7620754
1203,1934,37,1594989484.7620754
1204,1934,37,1594989484.7630765
1205,1934,37,1594989484.7640774
1206,1934,37,1594989484.7640774
1207,1934,37,1594989484.765078
1208,1934,37,1594989484.766079
1209,1934,37,1594989484.7670796
1210,1934,37,1594989484.7670796
1211,1934,37,1594989484.7680812
1212,1934,37,1594989484.7690816
1213,1934,37,1594989484.7690816
1214,1934,37,1594989484.7700825
1215,1934,37,1594989484.7710836
1216,1934,37,1594989484.7720845
1217,1934,37,1594989484.7720845
1218,1934,37,1594989484.773085
1219,1934,37,1594989484.7740862
1220,1934,37,1594989484.7740862
1221,1934,37,1594989484.775087
1222,1934,37,1594989484.776088
1223,1934,37,1594989484.776088
1224,1934,37,1594989484.777089
1225,1934,37,1594989484.7780905
1226,1934,37,1594989484.7790911
1227,1934,37,1594989484.7790911
1228,1934,37,1594989484.7800922
1229,1934,37,1594989484.7810926
1230,1934,37,1594989484.7810926
1231,1934,37,1594989484.7820935
1232,1934,37,1594989484.7830942
1233,1934,37,1594989484.7840955
1234,1934,37,1594989484.7840955
1235,1934,37,1594989484.7850962
1236,1934,37,1594989484.786097
1237,1934,37,1594989484.786097
1238,1934,37,1594989484.7870982
1239,1934,37,1594989484.7880993
1240,1934,37,1594989484.7890997
1241,1934,37,1594989484.7890997
1242,1934,37,1594989484.7901015
1243,1934,37,1594989484.7911017
1244,1934,37,1594989484.7911017
1245,1934,37,1594989484.7921026
1246,1934,37,1594989484.7931037
1247,1934,37,1594989484.7941046
1248,1934,37,1594989484.7941046
1249,1934,37,1594989484.7951055
1250,1934,37,1594989484.7961066
1251,1934,37,1594989484.7961066
1252,1934,37,1594989484.7971072
1253,1934,37,1594989484.7981083
1254,1934,37,1594989484.7991092
1255,1934,37,1594989484.7991092
1256,1934,37,1594989484.8001099
1257,1934,37,1594989484.8011107
1258,1934,37,1594989484.8011107
1259,1934,37,1594989484.8021116
1260,1934,37,1594989484.8031127
1261,1934,37,1594989484.8041136
1262,1934,37,1594989484.8041136
1263,1934,37,1594989484.8051143
1264,1934,37,1594989484.8061154
1265,1934,37,1594989484.8061154
1266,1934,37,1594989484.8071163
1267,1934,37,1594989484.8081172
1268,1934,37,1594989484.8091183
1269,1934,37,1594989484.8091183
1270,1934,37,1594989484.8101194
1271,1934,37,1594989484.81112
1272,1934,37,1594989484.81112
1273,1934,37,1594989484.812121
1274,1934,37,1594989484.8131218
1275,1934,37,1594989484.8141224
1276,1934,37,1594989484.8141224
1277,1934,37,1594989484.8151236
1278,1934,37,1594989484.8161244
1279,1934,37,1594989484.8161244
1280,1934,37,1594989484.8171253
1281,1934,37,1594989484.8181267
1282,1934,37,1594989484.8181267
1283,1934,37,1594989484.8191273
1284,1934,37,1594989484.8201284
1285,1934,37,1594989484.8211288
1286,1934,37,1594989484.8211288
1287,1934,37,1594989484.82213
1288,1934,37,1594989484.8231308
1289,1934,37,1594989484.8231308
1290,1934,37,1594989484.8241317
1291,1934,37,1594989484.8251328
1292,1934,37,1594989484.8261335
1293,1934,37,1594989484.8261335
1294,1934,37,1594989484.8271346
1295,1934,37,1594989484.8281357
1296,1934,37,1594989484.8281357
1297,1934,37,1594989484.8291364
1298,1934,37,1594989484.8301375
1299,1934,37,1594989484.8311381
1300,1934,37,1594989484.8311381
1301,1934,37,1594989484.832139
1302,1934,37,1594989484.83314
1303,1934,37,1594989484.83314
1304,1934,37,1594989484.8341408
1305,1934,37,1594989484.835142
1306,1934,37,1594989484.8361428
1307,1934,37,1594989484.8361428
1308,1934,37,1594989484.8371437
1309,1934,37,1594989484.838145
1310,1934,37,1594989484.838145
1311,1934,37,1594989484.8391454
1312,1934,37,1594989484.8401468
1313,1934,37,1594989484.8401468
1314,1934,37,1594989484.8411472
1315,1934,37,1594989484.8421483
1316,1934,37,1594989484.8431494
1317,1934,37,1594989484.8431494
1318,1934,37,1594989484.84415
1319,1934,37,1594989484.845151
1320,1934,37,1594989484.845151
1321,1934,37,1594989484.8461516
1322,1934,37,1594989484.847153
1323,1934,37,1594989484.848154
1324,1934,37,1594989484.848154
1325,1934,37,1594989484.8491545
1326,1934,37,1594989484.8501558
1327,1934,37,1594989484.8501558
1328,1934,37,1594989484.8511562
1329,1934,37,1594989484.852157
1330,1934,37,1594989484.8531582
1331,1934,37,1594989484.8531582
1332,1934,37,1594989484.854159
1333,1934,37,1594989484.85516
1334,1934,37,1594989484.85516
1335,1934,37,1594989484.856161
1336,1934,37,1594989484.8571618
1337,1934,37,1594989484.8581626
1338,1934,37,1594989484.8581626
1339,1934,37,1594989484.8591638
1340,1934,37,1594989484.860165
1341,1934,37,1594989484.860165
1342,1934,37,1594989484.8611653
1343,1934,37,1594989484.8621666
1344,1934,37,1594989484.8631673
1345,1934,37,1594989484.8631673
1346,1934,37,1594989484.8641682
1347,1934,37,1594989484.8651688
1348,1934,37,1594989484.8651688
1349,1934,37,1594989484.8661702
1350,1934,37,1594989484.8671708
1351,1934,37,1594989484.868172
1352,1934,37,1594989484.868172
1353,1934,37,1594989484.8691728
1354,1934,37,1594989484.870174
1355,1934,37,1594989484.870174
1356,1934,37,1594989484.8711743
1357,1934,37,1594989484.8721757
1358,1934,37,1594989484.8731763
1359,1934,37,1594989484.8731763
1360,1934,37,1594989484.8741772
1361,1934,37,1594989484.8751783
1362,1934,37,1594989484.8751783
1363,1934,37,1594989484.8761792
1364,1934,37,1594989484.87718
1365,1934,37,1594989484.8781815
1366,1934,37,1594989484.8781815
1367,1934,37,1594989484.8791819
1368,1934,37,1594989484.8801832
1369,1934,37,1594989484.8801832
1370,1934,37,1594989484.8811834
1371,1934,37,1594989484.8821847
1372,1934,37,1594989484.8831854
1373,1934,37,1594989484.8831854
1374,1934,37,1594989484.8841865
1375,1934,37,1594989484.8851871
1376,1934,37,1594989484.8851871
1377,1934,37,1594989484.8861883
1378,1934,37,1594989484.8871891
1379,1934,37,1594989484.8871891
1380,1934,37,1594989484.8881903
1381,1934,37,1594989484.889191
1382,1934,37,1594989484.890192
1383,1934,37,1594989484.890192
1384,1934,37,1594989484.891193
1385,1934,37,1594989484.8921938
1386,1934,37,1594989484.8921938
1387,1934,37,1594989484.8931944
1388,1934,37,1594989484.8941956
1389,1934,37,1594989484.8951964
1390,1934,37,1594989484.8951964
1391,1934,37,1594989484.8961973
1392,1934,37,1594989484.8971984
1393,1934,37,1594989484.8971984
1394,1934,37,1594989484.8981996
1395,1934,37,1594989484.8992
1396,1934,37,1594989484.9002013
1397,1934,37,1594989484.9002013
1398,1934,37,1594989484.901202
1399,1934,37,1594989484.9022028
1400,1934,37,1594989484.9022028
1401,1934,37,1594989484.9032035
1402,1934,37,1594989484.9042046
1403,1934,37,1594989484.9052055
1404,1934,37,1594989484.9052055
1405,1934,37,1594989484.9062064
1406,1934,37,1594989484.907208
1407,1934,37,1594989484.907208
1408,1934,37,1594989484.9082084
1409,1934,37,1594989484.909209
1410,1934,37,1594989484.9102104
1411,1934,37,1594989484.9102104
1412,1934,37,1594989484.911211
1413,1934,37,1594989484.912212
1414,1934,37,1594989484.912212
1415,1934,37,1594989484.9132128
1416,1934,37,1594989484.914214
1417,1934,37,1594989484.9152145
1418,1934,37,1594989484.9152145
1419,1934,37,1594989484.9162157
1420,1934,37,1594989484.9172165
1421,1934,37,1594989484.9172165
1422,1934,37,1594989484.9182177
1423,1934,37,1594989484.919218
1424,1934,37,1594989484.9202192
1425,1934,37,1594989484.9202192
1426,1934,37,1594989484.92122
1427,1934,37,1594989484.922221
1428,1934,37,1594989484.922221
1429,1934,37,1594989484.923222
1430,1934,37,1594989484.9242227
1431,1934,37,1594989484.9252236
1432,1934,37,1594989484.9252236
1433,1934,37,1594989484.9262247
1434,1934,37,1594989484.9272256
1435,1934,37,1594989484.9272256
1436,1934,37,1594989484.9282267
1437,1934,37,1594989484.9292276
1438,1934,37,1594989484.9302282
1439,1934,37,1594989484.9302282
1440,1934,37,1594989484.9312294
1441,1934,37,1594989484.93223
1442,1934,37,1594989484.93223
1443,1934,37,1594989484.9332309
1444,1934,37,1594989484.9342318
1445,1934,37,1594989484.9352329
1446,1934,37,1594989484.9352329
1447,1934,37,1594989484.9362338
1448,1934,37,1594989484.9372346
1449,1934,37,1594989484.9372346
1450,1934,37,1594989484.9382353
1451,1934,37,1594989484.9392366
1452,1934,37,1594989484.9402378
1453,1934,37,1594989484.9402378
1454,1934,37,1594989484.9412382
1455,1934,37,1594989484.9422393
1456,1934,37,1594989484.9422393
1457,1934,37,1594989484.9432402
1458,1934,37,1594989484.9442415
1459,1934,37,1594989484.945242
1460,1934,37,1594989484.945242
1461,1934,37,1594989484.9462428
1462,1934,37,1594989484.9472437
1463,1934,37,1594989484.9472437
1464,1934,37,1594989484.9482446
1465,1934,37,1594989484.9492455
1466,1934,37,1594989484.9502463
1467,1934,37,1594989484.9502463
1468,1934,37,1594989484.9512477
1469,1934,37,1594989484.9522483
1470,1934,37,1594989484.9522483
1471,1934,37,1594989484.9532492
1472,1934,37,1594989484.9542506
1473,1934,37,1594989484.9552507
1474,1934,37,1594989484.9552507
1475,1934,37,1594989484.9562516
1476,1934,37,1594989484.957253
1477,1934,37,1594989484.957253
1478,1934,37,1594989484.958254
1479,1934,37,1594989484.9592545
1480,1934,37,1594989484.9602554
1481,1934,37,1594989484.9602554
1482,1934,37,1594989484.9612563
1483,1934,37,1594989484.9622571
1484,1934,37,1594989484.9622571
1485,1934,37,1594989484.963258
1486,1934,37,1594989484.9642591
1487,1934,37,1594989484.9652603
1488,1934,37,1594989484.9652603
1489,1934,37,1594989484.9662614
1490,1934,37,1594989484.967262
1491,1934,37,1594989484.968263
1492,1934,37,1594989484.968263
1493,1934,37,1594989484.9692636
1494,1934,37,1594989484.9702647
1495,1934,37,1594989484.9702647
1496,1934,37,1594989484.9712658
1497,1934,37,1594989484.9722664
1498,1934,37,1594989484.9722664
1499,1934,37,1594989484.9732673
1500,1934,37,1594989484.974269
1501,1934,37,1594989484.9752693
1502,1934,37,1594989484.9752693
1503,1934,37,1594989484.9762702
1504,1934,37,1594989484.9772713
1505,1934,37,1594989484.978272
1506,1934,37,1594989484.978272
1507,1934,37,1594989484.9792728
1508,1934,37,1594989484.980274
1509,1934,37,1594989484.980274
1510,1934,37,1594989484.9812746
1511,1934,37,1594989484.9822755
1512,1934,37,1594989484.9822755
1513,1934,37,1594989484.9832764
1514,1934,37,1594989484.9842775
1515,1934,37,1594989484.9852786
1516,1934,37,1594989484.9852786
1517,1934,37,1594989484.9865859
1518,1934,37,1594989484.9872804
1519,1934,37,1594989484.988281
1520,1934,37,1594989484.988281
1521,1934,37,1594989484.9892821
1522,1934,37,1594989484.990283
1523,1934,37,1594989484.990283
1524,1934,37,1594989484.991284
1525,1934,37,1594989484.9922853
1526,1934,37,1594989484.9932857
1527,1934,37,1594989484.9932857
1528,1934,37,1594989484.9942863
1529,1934,37,1594989484.9952872
1530,1934,37,1594989484.9952872
1531,1934,37,1594989484.996289
1532,1934,37,1594989484.9972892
1533,1934,37,1594989484.9982905
1534,1934,37,1594989484.9982905
1535,1934,37,1594989484.999291
1536,1934,37,1594989485.000292
1537,1934,37,1594989485.000292
1538,1934,37,1594989485.0012927
1539,1934,37,1594989485.0022938
1540,1934,37,1594989485.003295
1541,1934,37,1594989485.003295
1542,1934,37,1594989485.0042956
1543,1934,37,1594989485.0052965
1544,1934,37,1594989485.0052965
1545,1934,37,1594989485.0062978
1546,1934,37,1594989485.0072982
1547,1934,37,1594989485.0082994
1548,1934,37,1594989485.0082994
1549,1934,37,1594989485.0093002
1550,1934,37,1594989485.0103009
1551,1934,37,1594989485.0103009
1552,1934,37,1594989485.011302
1553,1934,37,1594989485.0123029
1554,1934,37,1594989485.0133038
1555,1934,37,1594989485.0133038
1556,1934,37,1594989485.0143044
1557,1934,37,1594989485.0153058
1558,1934,37,1594989485.0153058
1559,1934,37,1594989485.0163066
1560,1934,37,1594989485.017308
1561,1934,37,1594989485.0183084
1562,1934,37,1594989485.0183084
1563,1934,37,1594989485.0193102
1564,1934,37,1594989485.0203102
1565,1934,37,1594989485.0203102
1566,1934,37,1594989485.021311
1567,1934,37,1594989485.022312
1568,1934,37,1594989485.0233128
1569,1934,37,1594989485.0233128
1570,1934,37,1594989485.024314
1571,1934,37,1594989485.0253148
1572,1934,37,1594989485.0253148
1573,1934,37,1594989485.0263155
1574,1934,37,1594989485.027317
1575,1934,37,1594989485.0283175
1576,1934,37,1594989485.0283175
1577,1934,37,1594989485.0293186
1578,1934,37,1594989485.0303192
1579,1934,37,1594989485.0303192
1580,1934,37,1594989485.0313203
1581,1934,37,1594989485.032321
1582,1934,37,1594989485.033322
1583,1934,37,1594989485.033322
1584,1934,37,1594989485.034323
1585,1934,37,1594989485.0353239
1586,1934,37,1594989485.0353239
1587,1934,37,1594989485.0363245
1588,1934,37,1594989485.037326
1589,1934,37,1594989485.0383265
1590,1934,37,1594989485.0383265
1591,1934,37,1594989485.0393279
1592,1934,37,1594989485.0403285
1593,1934,37,1594989485.0403285
1594,1934,37,1594989485.0413291
1595,1934,37,1594989485.0423307
1596,1934,37,1594989485.0433311
1597,1934,37,1594989485.0433311
1598,1934,37,1594989485.044332
1599,1934,37,1594989485.045333
1600,1934,37,1594989485.045333
1601,1934,37,1594989485.0463338
1602,1934,37,1594989485.0473351
1603,1934,37,1594989485.0483356
1604,1934,37,1594989485.0483356
1605,1934,37,1594989485.0493367
1606,1934,37,1594989485.0503378
1607,1934,37,1594989485.0503378
1608,1934,37,1594989485.0513384
1609,1934,37,1594989485.0523393
1610,1934,37,1594989485.0533402
1611,1934,37,1594989485.0533402
1612,1934,37,1594989485.054341
1613,1934,37,1594989485.0553422
1614,1934,37,1594989485.056343
1615,1934,37,1594989485.056343
1616,1934,37,1594989485.0573437
1617,1934,37,1594989485.0583446
1618,1934,37,1594989485.0583446
1619,1934,37,1594989485.059346
1620,1934,37,1594989485.0603466
1621,1934,37,1594989485.0603466
1622,1934,37,1594989485.0613477
1623,1934,37,1594989485.0623484
1624,1934,37,1594989485.0633492
1625,1934,37,1594989485.0633492
1626,1934,37,1594989485.0643501
1627,1934,37,1594989485.0653512
1628,1934,37,1594989485.0663521
1629,1934,37,1594989485.0663521
1630,1934,37,1594989485.067353
1631,1934,37,1594989485.068354
1632,1934,37,1594989485.068354
1633,1934,37,1594989485.0693552
1634,1934,37,1594989485.0703557
1635,1934,37,1594989485.0713573
1636,1934,37,1594989485.0713573
1637,1934,37,1594989485.0723574
1638,1934,37,1594989485.0733583
1639,1934,37,1594989485.0733583
1640,1934,37,1594989485.0743592
1641,1934,37,1594989485.0753603
1642,1934,37,1594989485.0763612
1643,1934,37,1594989485.0763612
1644,1934,37,1594989485.0773618
1645,1934,37,1594989485.078363
1646,1934,37,1594989485.078363
1647,1934,37,1594989485.0793643
1648,1934,37,1594989485.0803647
1649,1934,37,1594989485.0813658
1650,1934,37,1594989485.0813658
1651,1934,37,1594989485.082367
1652,1934,37,1594989485.0833676
1653,1934,37,1594989485.0833676
1654,1934,37,1594989485.0843685
1655,1934,37,1594989485.0853693
1656,1934,37,1594989485.0863702
1657,1934,37,1594989485.0863702
1658,1934,37,1594989485.087371
1659,1934,37,1594989485.0883722
1660,1934,37,1594989485.0883722
1661,1934,37,1594989485.0893729
1662,1934,37,1594989485.0903742
1663,1934,37,1594989485.0913749
1664,1934,37,1594989485.0913749
1665,1934,37,1594989485.0923758
1666,1934,37,1594989485.093377
1667,1934,37,1594989485.093377
1668,1934,37,1594989485.0943775
1669,1934,37,1594989485.0953784
1670,1934,37,1594989485.0963793
1671,1934,37,1594989485.0963793
1672,1934,37,1594989485.0973804
1673,1934,37,1594989485.098381
1674,1934,37,1594989485.099382
1675,1934,37,1594989485.099382
1676,1934,37,1594989485.1003833
1677,1934,37,1594989485.1013842
1678,1934,37,1594989485.1013842
1679,1934,37,1594989485.1023848
1680,1934,37,1594989485.1033857
1681,1934,37,1594989485.1043868
1682,1934,37,1594989485.1043868
1683,1934,37,1594989485.1053874
1684,1934,37,1594989485.1063886
1685,1934,37,1594989485.1063886
1686,1934,37,1594989485.1073892
1687,1934,37,1594989485.1083903
1688,1934,37,1594989485.1093912
1689,1934,37,1594989485.1093912
1690,1934,37,1594989485.110392
1691,1934,37,1594989485.111393
1692,1934,37,1594989485.111393
1693,1934,37,1594989485.1123943
1694,1934,37,1594989485.1133947
1695,1934,37,1594989485.114466
1696,1934,37,1594989485.1153975
1697,1934,37,1594989485.1153975
1698,1934,37,1594989485.116398
1699,1934,37,1594989485.1173985
1700,1934,37,1594989485.1183994
1701,1934,37,1594989485.1183994
1702,1934,37,1594989485.1194005
1703,1934,37,1594989485.1204011
1704,1934,37,1594989485.1204011
1705,1934,37,1594989485.121402
1706,1934,37,1594989485.1224031
1707,1934,37,1594989485.1224031
1708,1934,37,1594989485.1234045
1709,1934,37,1594989485.124405
1710,1934,37,1594989485.1254063
1711,1934,37,1594989485.126407
1712,1934,37,1594989485.126407
1713,1934,37,1594989485.1274076
1714,1934,37,1594989485.1284087
1715,1934,37,1594989485.1284087
1716,1934,37,1594989485.1294096
1717,1934,37,1594989485.1304102
1718,1934,37,1594989485.1314116
1719,1934,37,1594989485.1314116
1720,1934,37,1594989485.1324122
1721,1934,37,1594989485.133413
1722,1934,37,1594989485.133413
1723,1934,37,1594989485.1344144
1724,1934,37,1594989485.1354148
1725,1934,37,1594989485.1364157
1726,1934,37,1594989485.1364157
1727,1934,37,1594989485.1374166
1728,1934,37,1594989485.1384177
1729,1934,37,1594989485.1384177
1730,1934,37,1594989485.1394186
1731,1934,37,1594989485.1404195
1732,1934,37,1594989485.1414204
1733,1934,37,1594989485.1414204
1734,1934,37,1594989485.1424215
1735,1934,37,1594989485.1434224
1736,1934,37,1594989485.1434224
1737,1934,37,1594989485.1444232
1738,1934,37,1594989485.145424
1739,1934,37,1594989485.146425
1740,1934,37,1594989485.146425
1741,1934,37,1594989485.1474264
1742,1934,37,1594989485.1484268
1743,1934,37,1594989485.1484268
1744,1934,37,1594989485.1494277
1745,1934,37,1594989485.1504285
1746,1934,37,1594989485.1514294
1747,1934,37,1594989485.1514294
1748,1934,37,1594989485.1524305
1749,1934,37,1594989485.1534312
1750,1934,37,1594989485.1534312
1751,1934,37,1594989485.1544323
1752,1934,37,1594989485.1554332
1753,1934,37,1594989485.1554332
1754,1934,37,1594989485.1564338
1755,1934,37,1594989485.157435
1756,1934,37,1594989485.1584358
1757,1934,37,1594989485.1584358
1758,1934,37,1594989485.1594367
1759,1934,37,1594989485.1604378
1760,1934,37,1594989485.1614385
1761,1934,37,1594989485.1614385
1762,1934,37,1594989485.1624396
1763,1934,37,1594989485.163441
1764,1934,37,1594989485.163441
1765,1934,37,1594989485.1644413
1766,1934,37,1594989485.1654422
1767,1934,37,1594989485.1654422
1768,1934,37,1594989485.166443
1769,1934,37,1594989485.167444
1770,1934,37,1594989485.1684449
1771,1934,37,1594989485.1684449
1772,1934,37,1594989485.169446
1773,1934,37,1594989485.1704466
1774,1934,37,1594989485.1704466
1775,1934,37,1594989485.1714475
1776,1934,37,1594989485.1724489
1777,1934,37,1594989485.1734495
1778,1934,37,1594989485.1734495
1779,1934,37,1594989485.1744504
1780,1934,37,1594989485.1754508
1781,1934,37,1594989485.1754508
1782,1934,37,1594989485.1764526
1783,1934,37,1594989485.177453
1784,1934,37,1594989485.178454
1785,1934,37,1594989485.178454
1786,1934,37,1594989485.1794555
1787,1934,37,1594989485.180456
1788,1934,37,1594989485.1814566
1789,1934,37,1594989485.1814566
1790,1934,37,1594989485.182458
1791,1934,37,1594989485.1834586
1792,1934,37,1594989485.1834586
1793,1934,37,1594989485.1844594
1794,1934,37,1594989485.1854606
1795,1934,37,1594989485.1854606
1796,1934,37,1594989485.1864612
1797,1934,37,1594989485.187462
1798,1934,37,1594989485.1884632
1799,1934,37,1594989485.1884632
1800,1934,37,1594989485.189464
1801,1934,37,1594989485.190465
1802,1934,37,1594989485.190465
1803,1934,37,1594989485.191466
1804,1934,37,1594989485.1924672
1805,1934,37,1594989485.1934676
1806,1934,37,1594989485.1934676
1807,1934,37,1594989485.1944685
1808,1934,37,1594989485.1954699
1809,1934,37,1594989485.1954699
1810,1934,37,1594989485.1964703
1811,1934,37,1594989485.1974714
1812,1934,37,1594989485.1984723
1813,1934,37,1594989485.1984723
1814,1934,37,1594989485.1994734
1815,1934,37,1594989485.200474
1816,1934,37,1594989485.200474
1817,1934,37,1594989485.201475
1818,1934,37,1594989485.2024758
1819,1934,37,1594989485.2034767
1820,1934,37,1594989485.2034767
1821,1934,37,1594989485.2044778
1822,1934,37,1594989485.2054787
1823,1934,37,1594989485.2054787
1824,1934,37,1594989485.2064795
1825,1934,37,1594989485.2074807
1826,1934,37,1594989485.2084813
1827,1934,37,1594989485.2084813
1828,1934,37,1594989485.2094824
1829,1934,37,1594989485.2104833
1830,1934,37,1594989485.2114847
1831,1934,37,1594989485.2114847
1832,1934,37,1594989485.212485
1833,1934,37,1594989485.2134862
1834,1934,37,1594989485.2134862
1835,1934,37,1594989485.2144868
1836,1934,37,1594989485.2154877
1837,1934,37,1594989485.2164886
1838,1934,37,1594989485.2164886
1839,1934,37,1594989485.2174897
1840,1934,37,1594989485.2184904
1841,1934,37,1594989485.2184904
1842,1934,37,1594989485.2194912
1843,1934,37,1594989485.2204924
1844,1934,37,1594989485.2204924
1845,1934,37,1594989485.221493
1846,1934,37,1594989485.222494
1847,1934,37,1594989485.223495
1848,1934,37,1594989485.223495
1849,1934,37,1594989485.224496
1850,1934,37,1594989485.2254963
1851,1934,37,1594989485.2254963
1852,1934,37,1594989485.226498
1853,1934,37,1594989485.2274992
1854,1934,37,1594989485.2284997
1855,1934,37,1594989485.2284997
1856,1934,37,1594989485.2295008
1857,1934,37,1594989485.2305014
1858,1934,37,1594989485.2315025
1859,1934,37,1594989485.2315025
1860,1934,37,1594989485.2325034
1861,1934,37,1594989485.233504
1862,1934,37,1594989485.233504
1863,1934,37,1594989485.2345052
1864,1934,37,1594989485.2355068
1865,1934,37,1594989485.2355068
1866,1934,37,1594989485.2365067
1867,1934,37,1594989485.2375078
1868,1934,37,1594989485.238509
1869,1934,37,1594989485.238509
1870,1934,37,1594989485.2395096
1871,1934,37,1594989485.2405105
1872,1934,37,1594989485.2405105
1873,1934,37,1594989485.2415113
1874,1934,37,1594989485.2425127
1875,1934,37,1594989485.2435136
1876,1934,37,1594989485.244514
1877,1934,37,1594989485.245515
1878,1934,37,1594989485.245515
1879,1934,37,1594989485.2465158
1880,1934,37,1594989485.247517
1881,1934,37,1594989485.247517
1882,1934,37,1594989485.2485175
1883,1934,37,1594989485.2495186
1884,1934,37,1594989485.2505195
1885,1934,37,1594989485.2515204
1886,1934,37,1594989485.2515204
1887,1934,37,1594989485.2525213
1888,1934,37,1594989485.2535224
1889,1934,37,1594989485.2535224
1890,1934,37,1594989485.254523
1891,1934,37,1594989485.2555242
1892,1934,37,1594989485.2565253
1893,1934,37,1594989485.2565253
1894,1934,37,1594989485.2575262
1895,1934,37,1594989485.2585268
1896,1934,37,1594989485.2585268
1897,1934,37,1594989485.2595282
1898,1934,37,1594989485.2605288
1899,1934,37,1594989485.26153
1900,1934,37,1594989485.26153
1901,1934,37,1594989485.2625306
1902,1934,37,1594989485.2635314
1903,1934,37,1594989485.2635314
1904,1934,37,1594989485.2645323
1905,1934,37,1594989485.2655332
1906,1934,37,1594989485.2665339
1907,1934,37,1594989485.2665339
1908,1934,37,1594989485.2675352
1909,1934,37,1594989485.2685363
1910,1934,37,1594989485.2685363
1911,1934,37,1594989485.269537
1912,1934,37,1594989485.270538
1913,1934,37,1594989485.2715387
1914,1934,37,1594989485.2715387
1915,1934,37,1594989485.2725399
1916,1934,37,1594989485.2735405
1917,1934,37,1594989485.2735405
1918,1934,37,1594989485.2745416
1919,1934,37,1594989485.2755427
1920,1934,37,1594989485.2765431
1921,1934,37,1594989485.2765431
1922,1934,37,1594989485.2775445
1923,1934,37,1594989485.278545
1924,1934,37,1594989485.278545
1925,1934,37,1594989485.2795463
1926,1934,37,1594989485.280547
1927,1934,37,1594989485.281548
1928,1934,37,1594989485.281548
1929,1934,37,1594989485.2825484
1930,1934,37,1594989485.2835495
1931,1934,37,1594989485.2835495
1932,1934,37,1594989485.2845507
1933,1934,37,1594989485.2855513
1934,1934,37,1594989485.2865524
1935,1934,37,1594989485.2865524
1936,1934,37,1594989485.2875533
1937,1934,37,1594989485.288554
1938,1934,37,1594989485.288554
1939,1934,37,1594989485.2895555
1940,1934,37,1594989485.290556
1941,1934,37,1594989485.291557
1942,1934,37,1594989485.291557
1943,1934,37,1594989485.2925577
1944,1934,37,1594989485.2935586
1945,1934,37,1594989485.2935586
1946,1934,37,1594989485.2945595
1947,1934,37,1594989485.2955606
1948,1934,37,1594989485.2965615
1949,1934,37,1594989485.2965615
1950,1934,37,1594989485.2975624
1951,1934,37,1594989485.2985632
1952,1934,37,1594989485.2985632
1953,1934,37,1594989485.2995646
1954,1934,37,1594989485.300565
1955,1934,37,1594989485.3015661
1956,1934,37,1594989485.3015661
1957,1934,37,1594989485.302567
1958,1934,37,1594989485.3035676
1959,1934,37,1594989485.3035676
1960,1934,37,1594989485.3045688
1961,1934,37,1594989485.30557
1962,1934,37,1594989485.3065705
1963,1934,37,1594989485.3065705
1964,1934,37,1594989485.3075716
1965,1934,37,1594989485.3085725
1966,1934,37,1594989485.3085725
1967,1934,37,1594989485.3095734
1968,1934,37,1594989485.310574
1969,1934,37,1594989485.3115754
1970,1934,37,1594989485.3115754
1971,1934,37,1594989485.3125765
1972,1934,37,1594989485.3135767
1973,1934,37,1594989485.3135767
1974,1934,37,1594989485.3145776
1975,1934,37,1594989485.3155787
1976,1934,37,1594989485.3165796
1977,1934,37,1594989485.3165796
1978,1934,37,1594989485.3175805
1979,1934,37,1594989485.3185816
1980,1934,37,1594989485.3185816
1981,1934,37,1594989485.3195825
1982,1934,37,1594989485.320583
1983,1934,37,1594989485.3215845
1984,1934,37,1594989485.3215845
1985,1934,37,1594989485.322762
1986,1934,37,1594989485.3235857
1987,1934,37,1594989485.3235857
1988,1934,37,1594989485.324587
1989,1934,37,1594989485.3255877
1990,1934,37,1594989485.3265886
1991,1934,37,1594989485.3265886
1992,1934,37,1594989485.3275898
1993,1934,37,1594989485.3285906
1994,1934,37,1594989485.3285906
1995,1934,37,1594989485.3295913
1996,1934,37,1594989485.3305922
1997,1934,37,1594989485.3315938
1998,1934,37,1594989485.3315938
1999,1934,37,1594989485.3325942
2000,1934,37,1594989485.3335953
2001,1934,37,1594989485.3335953
2002,1934,37,1594989485.3345962
2003,1934,37,1594989485.3355968
2004,1934,37,1594989485.3365977
2005,1934,37,1594989485.3365977
2006,1934,37,1594989485.3375988
2007,1934,37,1594989485.338601
2008,1934,37,1594989485.338601
2009,1934,37,1594989485.3396006
2010,1934,37,1594989485.3406014
2011,1934,37,1594989485.3416028
2012,1934,37,1594989485.3416028
2013,1934,37,1594989485.3426032
2014,1934,37,1594989485.3436046
2015,1934,37,1594989485.3436046
2016,1934,37,1594989485.3446052
2017,1934,37,1594989485.3456059
2018,1934,37,1594989485.3466067
2019,1934,37,1594989485.3466067
2020,1934,37,1594989485.347608
2021,1934,37,1594989485.3486087
2022,1934,37,1594989485.3486087
2023,1934,37,1594989485.3496096
2024,1934,37,1594989485.3506107
2025,1934,37,1594989485.3516119
2026,1934,37,1594989485.3516119
2027,1934,37,1594989485.3526123
2028,1934,37,1594989485.3536136
2029,1934,37,1594989485.3536136
2030,1934,37,1594989485.3546143
2031,1934,37,1594989485.3556159
2032,1934,37,1594989485.356616
2033,1934,37,1594989485.356616
2034,1934,37,1594989485.357617
2035,1934,37,1594989485.3586178
2036,1934,37,1594989485.3586178
2037,1934,37,1594989485.359619
2038,1934,37,1594989485.3606195
2039,1934,37,1594989485.361621
2040,1934,37,1594989485.361621
2041,1934,37,1594989485.3626218
2042,1934,37,1594989485.363623
2043,1934,37,1594989485.3646233
2044,1934,37,1594989485.3646233
2045,1934,37,1594989485.3656244
2046,1934,37,1594989485.3666253
2047,1934,37,1594989485.3666253
2048,1934,37,1594989485.367626
2049,1934,37,1594989485.3686268
2050,1934,37,1594989485.369628
2051,1934,37,1594989485.369628
2052,1934,37,1594989485.3706288
2053,1934,37,1594989485.3716302
2054,1934,37,1594989485.3716302
2055,1934,37,1594989485.3726306
2056,1934,37,1594989485.3736317
2057,1934,37,1594989485.3746324
2058,1934,37,1594989485.3746324
2059,1934,37,1594989485.3756335
2060,1934,37,1594989485.3766341
2061,1934,37,1594989485.3766341
2062,1934,37,1594989485.3776352
2063,1934,37,1594989485.3786361
2064,1934,37,1594989485.379637
2065,1934,37,1594989485.379637
2066,1934,37,1594989485.380638
2067,1934,37,1594989485.3816392
2068,1934,37,1594989485.3816392
2069,1934,37,1594989485.3826396
2070,1934,37,1594989485.383641
2071,1934,37,1594989485.3846416
2072,1934,37,1594989485.3846416
2073,1934,37,1594989485.3856425
2074,1934,37,1594989485.3866432
2075,1934,37,1594989485.3866432
2076,1934,37,1594989485.3876445
2077,1934,37,1594989485.3886452
2078,1934,37,1594989485.389646
2079,1934,37,1594989485.389646
2080,1934,37,1594989485.390647
2081,1934,37,1594989485.3916483
2082,1934,37,1594989485.3916483
2083,1934,37,1594989485.3926487
2084,1934,37,1594989485.3936503
2085,1934,37,1594989485.3946507
2086,1934,37,1594989485.3946507
2087,1934,37,1594989485.3956516
2088,1934,37,1594989485.3966522
2089,1934,37,1594989485.3966522
2090,1934,37,1594989485.3976533
2091,1934,37,1594989485.3986545
2092,1934,37,1594989485.399655
2093,1934,37,1594989485.399655
2094,1934,37,1594989485.4006562
2095,1934,37,1594989485.4016573
2096,1934,37,1594989485.4016573
2097,1934,37,1594989485.402837
2098,1934,37,1594989485.403659
2099,1934,37,1594989485.4046597
2100,1934,37,1594989485.4046597
2101,1934,37,1594989485.4056606
2102,1934,37,1594989485.4066613
2103,1934,37,1594989485.4066613
2104,1934,37,1594989485.4076626
2105,1934,37,1594989485.4086633
2106,1934,37,1594989485.4096642
2107,1934,37,1594989485.4096642
2108,1934,37,1594989485.4106653
2109,1934,37,1594989485.4116664
2110,1934,37,1594989485.4116664
2111,1934,37,1594989485.4126668
2112,1934,37,1594989485.4136684
2113,1934,37,1594989485.4146688
2114,1934,37,1594989485.4146688
2115,1934,37,1594989485.4156697
2116,1934,37,1594989485.4166708
2117,1934,37,1594989485.4166708
2118,1934,37,1594989485.4176714
2119,1934,37,1594989485.4186723
2120,1934,37,1594989485.4196737
2121,1934,37,1594989485.4196737
2122,1934,37,1594989485.4206743
2123,1934,37,1594989485.4216754
2124,1934,37,1594989485.4216754
2125,1934,37,1594989485.422676
2126,1934,37,1594989485.4236774
2127,1934,37,1594989485.4246778
2128,1934,37,1594989485.4246778
2129,1934,37,1594989485.4256792
2130,1934,37,1594989485.4266798
2131,1934,37,1594989485.4276805
2132,1934,37,1594989485.4276805
2133,1934,37,1594989485.4286816
2134,1934,37,1594989485.4296825
2135,1934,37,1594989485.4296825
2136,1934,37,1594989485.4306834
2137,1934,37,1594989485.4316845
2138,1934,37,1594989485.4326854
2139,1934,37,1594989485.4326854
2140,1934,37,1594989485.4336865
2141,1934,37,1594989485.434687
2142,1934,37,1594989485.434687
2143,1934,37,1594989485.4356887
2144,1934,37,1594989485.436689
2145,1934,37,1594989485.4376895
2146,1934,37,1594989485.4376895
2147,1934,37,1594989485.438691
2148,1934,37,1594989485.4396915
2149,1934,37,1594989485.4396915
2150,1934,37,1594989485.4406924
2151,1934,37,1594989485.4416943
2152,1934,37,1594989485.4426944
2153,1934,37,1594989485.4426944
2154,1934,37,1594989485.4436955
2155,1934,37,1594989485.444696
2156,1934,37,1594989485.444696
2157,1934,37,1594989485.445697
2158,1934,37,1594989485.446698
2159,1934,37,1594989485.4476986
2160,1934,37,1594989485.4476986
2161,1934,37,1594989485.4487
2162,1934,37,1594989485.4497006
2163,1934,37,1594989485.4497006
2164,1934,37,1594989485.4507015
2165,1934,37,1594989485.4517033
2166,1934,37,1594989485.4527035
2167,1934,37,1594989485.4527035
2168,1934,37,1594989485.4537046
2169,1934,37,1594989485.4547055
2170,1934,37,1594989485.4547055
2171,1934,37,1594989485.4557061
2172,1934,37,1594989485.456707
2173,1934,37,1594989485.457708
2174,1934,37,1594989485.457708
2175,1934,37,1594989485.458709
2176,1934,37,1594989485.4597096
2177,1934,37,1594989485.4607108
2178,1934,37,1594989485.4607108
2179,1934,37,1594989485.461712
2180,1934,37,1594989485.4627125
2181,1934,37,1594989485.4627125
2182,1934,37,1594989485.463714
2183,1934,37,1594989485.4647143
2184,1934,37,1594989485.4657152
2185,1934,37,1594989485.4657152
2186,1934,37,1594989485.466716
2187,1934,37,1594989485.4677174
2188,1934,37,1594989485.4677174
2189,1934,37,1594989485.468718
2190,1934,37,1594989485.4697187
2191,1934,37,1594989485.4707198
2192,1934,37,1594989485.4707198
2193,1934,37,1594989485.4717212
2194,1934,37,1594989485.4727216
2195,1934,37,1594989485.4727216
2196,1934,37,1594989485.473723
2197,1934,37,1594989485.4747233
2198,1934,37,1594989485.4757242
2199,1934,37,1594989485.4757242
2200,1934,37,1594989485.4767253
2201,1934,37,1594989485.4777262
2202,1934,37,1594989485.4777262
2203,1934,37,1594989485.4787269
2204,1934,37,1594989485.4797282
2205,1934,37,1594989485.4807289
2206,1934,37,1594989485.4807289
2207,1934,37,1594989485.4817302
2208,1934,37,1594989485.4827309
2209,1934,37,1594989485.4827309
2210,1934,37,1594989485.483732
2211,1934,37,1594989485.4847329
2212,1934,37,1594989485.4857333
2213,1934,37,1594989485.4857333
2214,1934,37,1594989485.4867344
2215,1934,37,1594989485.4877353
2216,1934,37,1594989485.488736
2217,1934,37,1594989485.488736
2218,1934,37,1594989485.4897373
2219,1934,37,1594989485.490738
2220,1934,37,1594989485.490738
2221,1934,37,1594989485.491739
2222,1934,37,1594989485.49274
2223,1934,37,1594989485.493741
2224,1934,37,1594989485.493741
2225,1934,37,1594989485.4947417
2226,1934,37,1594989485.4957426
2227,1934,37,1594989485.4957426
2228,1934,37,1594989485.4967434
2229,1934,37,1594989485.4977443
2230,1934,37,1594989485.4987454
2231,1934,37,1594989485.4987454
2232,1934,37,1594989485.4997463
2233,1934,37,1594989485.5007472
2234,1934,37,1594989485.5007472
2235,1934,37,1594989485.5017486
2236,1934,37,1594989485.502749
2237,1934,37,1594989485.50375
2238,1934,37,1594989485.50375
2239,1934,37,1594989485.5047505
2240,1934,37,1594989485.5057516
2241,1934,37,1594989485.5067525
2242,1934,37,1594989485.5067525
2243,1934,37,1594989485.5077534
2244,1934,37,1594989485.5087543
2245,1934,37,1594989485.5087543
2246,1934,37,1594989485.5097554
2247,1934,37,1594989485.510756
2248,1934,37,1594989485.5117576
2249,1934,37,1594989485.5117576
2250,1934,37,1594989485.512758
2251,1934,37,1594989485.5137591
2252,1934,37,1594989485.5137591
2253,1934,37,1594989485.51476
2254,1934,37,1594989485.515761
2255,1934,37,1594989485.5167615
2256,1934,37,1594989485.5167615
2257,1934,37,1594989485.5177627
2258,1934,37,1594989485.5187635
2259,1934,37,1594989485.5187635
2260,1934,37,1594989485.5197644
2261,1934,37,1594989485.5207655
2262,1934,37,1594989485.5217664
2263,1934,37,1594989485.5217664
2264,1934,37,1594989485.522767
2265,1934,37,1594989485.5237684
2266,1934,37,1594989485.5237684
2267,1934,37,1594989485.524769
2268,1934,37,1594989485.52577
2269,1934,37,1594989485.5267706
2270,1934,37,1594989485.5267706
2271,1934,37,1594989485.5277717
2272,1934,37,1594989485.5287726
2273,1934,37,1594989485.5297735
2274,1934,37,1594989485.5297735
2275,1934,37,1594989485.530953
2276,1934,37,1594989485.5317755
2277,1934,37,1594989485.5317755
2278,1934,37,1594989485.532952
2279,1934,37,1594989485.5337775
2280,1934,37,1594989485.534778
2281,1934,37,1594989485.534778
2282,1934,37,1594989485.535779
2283,1934,37,1594989485.5367799
2284,1934,37,1594989485.5367799
2285,1934,37,1594989485.5377808
2286,1934,37,1594989485.5387816
2287,1934,37,1594989485.5397828
2288,1934,37,1594989485.5397828
2289,1934,37,1594989485.5407836
2290,1934,37,1594989485.5417848
2291,1934,37,1594989485.5417848
2292,1934,37,1594989485.5427852
2293,1934,37,1594989485.5437868
2294,1934,37,1594989485.5447872
2295,1934,37,1594989485.5447872
2296,1934,37,1594989485.545788
2297,1934,37,1594989485.5467892
2298,1934,37,1594989485.5467892
2299,1934,37,1594989485.54779
2300,1934,37,1594989485.5487907
2301,1934,37,1594989485.5497916
2302,1934,37,1594989485.5497916
2303,1934,37,1594989485.5507927
2304,1934,37,1594989485.5517938
2305,1934,37,1594989485.5527945
2306,1934,37,1594989485.5527945
2307,1934,37,1594989485.5537956
2308,1934,37,1594989485.5547962
2309,1934,37,1594989485.5547962
2310,1934,37,1594989485.5557973
2311,1934,37,1594989485.556798
2312,1934,37,1594989485.5577989
2313,1934,37,1594989485.5577989
2314,1934,37,1594989485.5588
2315,1934,37,1594989485.5598009
2316,1934,37,1594989485.5598009
2317,1934,37,1594989485.5608017
2318,1934,37,1594989485.561803
2319,1934,37,1594989485.5628655
2320,1934,37,1594989485.5628655
2321,1934,37,1594989485.5638046
2322,1934,37,1594989485.5648053
2323,1934,37,1594989485.5648053
2324,1934,37,1594989485.5658064
2325,1934,37,1594989485.5668073
2326,1934,37,1594989485.5678082
2327,1934,37,1594989485.5678082
2328,1934,37,1594989485.5688093
2329,1934,37,1594989485.56981
2330,1934,37,1594989485.56981
2331,1934,37,1594989485.5708108
2332,1934,37,1594989485.5718122
2333,1934,37,1594989485.5728126
2334,1934,37,1594989485.5728126
2335,1934,37,1594989485.573814
2336,1934,37,1594989485.5748146
2337,1934,37,1594989485.5758154
2338,1934,37,1594989485.5758154
2339,1934,37,1594989485.576816
2340,1934,37,1594989485.5778172
2341,1934,37,1594989485.5778172
2342,1934,37,1594989485.5788183
2343,1934,37,1594989485.5798197
2344,1934,37,1594989485.58082
2345,1934,37,1594989485.58082
2346,1934,37,1594989485.5818212
2347,1934,37,1594989485.5828216
2348,1934,37,1594989485.5828216
2349,1934,37,1594989485.5838232
2350,1934,37,1594989485.5848236
2351,1934,37,1594989485.5858245
2352,1934,37,1594989485.5858245
2353,1934,37,1594989485.5868254
2354,1934,37,1594989485.5878263
2355,1934,37,1594989485.5878263
2356,1934,37,1594989485.5888271
2357,1934,37,1594989485.589828
2358,1934,37,1594989485.5908291
2359,1934,37,1594989485.5908291
2360,1934,37,1594989485.5918303
2361,1934,37,1594989485.592831
2362,1934,37,1594989485.5938323
2363,1934,37,1594989485.5938323
2364,1934,37,1594989485.5948327
2365,1934,37,1594989485.5958338
2366,1934,37,1594989485.5958338
2367,1934,37,1594989485.5968347
2368,1934,37,1594989485.5978355
2369,1934,37,1594989485.5988364
2370,1934,37,1594989485.5988364
2371,1934,37,1594989485.5998373
2372,1934,37,1594989485.6008382
2373,1934,37,1594989485.6008382
2374,1934,37,1594989485.6018393
2375,1934,37,1594989485.60284
2376,1934,37,1594989485.6038413
2377,1934,37,1594989485.6038413
2378,1934,37,1594989485.6048417
2379,1934,37,1594989485.6058426
2380,1934,37,1594989485.6068435
2381,1934,37,1594989485.6068435
2382,1934,37,1594989485.6078446
2383,1934,37,1594989485.6088452
2384,1934,37,1594989485.6088452
2385,1934,37,1594989485.6098464
2386,1934,37,1594989485.6108472
2387,1934,37,1594989485.6118484
2388,1934,37,1594989485.6118484
2389,1934,37,1594989485.6128492
2390,1934,37,1594989485.6138504
2391,1934,37,1594989485.6138504
2392,1934,37,1594989485.614851
2393,1934,37,1594989485.615852
2394,1934,37,1594989485.6168528
2395,1934,37,1594989485.6168528
2396,1934,37,1594989485.6178536
2397,1934,37,1594989485.6188543
2398,1934,37,1594989485.6198556
2399,1934,37,1594989485.6198556
2400,1934,37,1594989485.6208563
2401,1934,37,1594989485.6218576
2402,1934,37,1594989485.6218576
2403,1934,37,1594989485.622858
2404,1934,37,1594989485.6238594
2405,1934,37,1594989485.6248598
2406,1934,37,1594989485.6248598
2407,1934,37,1594989485.6258612
2408,1934,37,1594989485.6268618
2409,1934,37,1594989485.6268618
2410,1934,37,1594989485.6278627
2411,1934,37,1594989485.6288638
2412,1934,37,1594989485.6298645
2413,1934,37,1594989485.6298645
2414,1934,37,1594989485.6308653
2415,1934,37,1594989485.6318667
2416,1934,37,1594989485.6328673
2417,1934,37,1594989485.6328673
2418,1934,37,1594989485.6338685
2419,1934,37,1594989485.6348693
2420,1934,37,1594989485.6348693
2421,1934,37,1594989485.63587
2422,1934,37,1594989485.6368709
2423,1934,37,1594989485.6378715
2424,1934,37,1594989485.6378715
2425,1934,37,1594989485.6388729
2426,1934,37,1594989485.6398735
2427,1934,37,1594989485.6398735
2428,1934,37,1594989485.6408744
2429,1934,37,1594989485.6418757
2430,1934,37,1594989485.6428764
2431,1934,37,1594989485.6428764
2432,1934,37,1594989485.6438777
2433,1934,37,1594989485.6448781
2434,1934,37,1594989485.6448781
2435,1934,37,1594989485.645879
2436,1934,37,1594989485.64688
2437,1934,37,1594989485.647881
2438,1934,37,1594989485.647881
2439,1934,37,1594989485.648882
2440,1934,37,1594989485.6498826
2441,1934,37,1594989485.6508837
2442,1934,37,1594989485.6508837
2443,1934,37,1594989485.6518848
2444,1934,37,1594989485.6528854
2445,1934,37,1594989485.6528854
2446,1934,37,1594989485.6538868
2447,1934,37,1594989485.6548874
2448,1934,37,1594989485.655888
2449,1934,37,1594989485.655888
2450,1934,37,1594989485.6568892
2451,1934,37,1594989485.65789
2452,1934,37,1594989485.65789
2453,1934,37,1594989485.658891
2454,1934,37,1594989485.659892
2455,1934,37,1594989485.6608927
2456,1934,37,1594989485.6608927
2457,1934,37,1594989485.6618938
2458,1934,37,1594989485.6628945
2459,1934,37,1594989485.6628945
2460,1934,37,1594989485.6638958
2461,1934,37,1594989485.6648965
2462,1934,37,1594989485.6658971
2463,1934,37,1594989485.6658971
2464,1934,37,1594989485.6668983
2465,1934,37,1594989485.6678991
2466,1934,37,1594989485.6689
2467,1934,37,1594989485.6689
2468,1934,37,1594989485.6699011
2469,1934,37,1594989485.6709018
2470,1934,37,1594989485.6709018
2471,1934,37,1594989485.671903
2472,1934,37,1594989485.6729038
2473,1934,37,1594989485.673905
2474,1934,37,1594989485.673905
2475,1934,37,1594989485.6749055
2476,1934,37,1594989485.6759064
2477,1934,37,1594989485.6759064
2478,1934,37,1594989485.6769073
2479,1934,37,1594989485.6779082
2480,1934,37,1594989485.6789093
2481,1934,37,1594989485.6789093
2482,1934,37,1594989485.6799102
2483,1934,37,1594989485.6809108
2484,1934,37,1594989485.6809108
2485,1934,37,1594989485.681912
2486,1934,37,1594989485.6829128
2487,1934,37,1594989485.683914
2488,1934,37,1594989485.683914
2489,1934,37,1594989485.6849144
2490,1934,37,1594989485.6859155
2491,1934,37,1594989485.6869164
2492,1934,37,1594989485.6869164
2493,1934,37,1594989485.6879172
2494,1934,37,1594989485.6889184
2495,1934,37,1594989485.6889184
2496,1934,37,1594989485.689919
2497,1934,37,1594989485.69092
2498,1934,37,1594989485.6919212
2499,1934,37,1594989485.6919212
2500,1934,37,1594989485.6929219
2501,1934,37,1594989485.6939232
2502,1934,37,1594989485.6939232
2503,1934,37,1594989485.6949239
2504,1934,37,1594989485.6959248
2505,1934,37,1594989485.6969254
2506,1934,37,1594989485.6969254
2507,1934,37,1594989485.6979263
2508,1934,37,1594989485.6989274
2509,1934,37,1594989485.6999283
2510,1934,37,1594989485.6999283
2511,1934,37,1594989485.7009292
2512,1934,37,1594989485.7019305
2513,1934,37,1594989485.7019305
2514,1934,37,1594989485.702931
2515,1934,37,1594989485.7039325
2516,1934,37,1594989485.7049327
2517,1934,37,1594989485.7049327
2518,1934,37,1594989485.7059338
2519,1934,37,1594989485.7069347
2520,1934,37,1594989485.7069347
2521,1934,37,1594989485.7079358
2522,1934,37,1594989485.7089367
2523,1934,37,1594989485.7099373
2524,1934,37,1594989485.7099373
2525,1934,37,1594989485.7109382
2526,1934,37,1594989485.7119396
2527,1934,37,1594989485.71294
2528,1934,37,1594989485.71294
2529,1934,37,1594989485.7139413
2530,1934,37,1594989485.714942
2531,1934,37,1594989485.714942
2532,1934,37,1594989485.7159429
2533,1934,37,1594989485.716944
2534,1934,37,1594989485.7179446
2535,1934,37,1594989485.7179446
2536,1934,37,1594989485.7189455
2537,1934,37,1594989485.7199464
2538,1934,37,1594989485.7199464
2539,1934,37,1594989485.7209473
2540,1934,37,1594989485.7219486
2541,1934,37,1594989485.722949
2542,1934,37,1594989485.723122
2543,1934,37,1594989485.7239506
2544,1934,37,1594989485.724951
2545,1934,37,1594989485.724951
2546,1934,37,1594989485.725952
2547,1934,37,1594989485.7269528
2548,1934,37,1594989485.7279537
2549,1934,37,1594989485.7279537
2550,1934,37,1594989485.7289546
2551,1934,37,1594989485.7299557
2552,1934,37,1594989485.7309563
2553,1934,37,1594989485.7309563
2554,1934,37,1594989485.7319577
2555,1934,37,1594989485.7329583
2556,1934,37,1594989485.7329583
2557,1934,37,1594989485.7339594
2558,1934,37,1594989485.73496
2559,1934,37,1594989485.7359612
2560,1934,37,1594989485.7359612
2561,1934,37,1594989485.736962
2562,1934,37,1594989485.7379627
2563,1934,37,1594989485.7379627
2564,1934,37,1594989485.7389636
2565,1934,37,1594989485.7399652
2566,1934,37,1594989485.7409658
2567,1934,37,1594989485.7409658
2568,1934,37,1594989485.7419674
2569,1934,37,1594989485.7429676
2570,1934,37,1594989485.7439687
2571,1934,37,1594989485.7439687
2572,1934,37,1594989485.7449691
2573,1934,37,1594989485.74597
2574,1934,37,1594989485.74597
2575,1934,37,1594989485.746971
2576,1934,37,1594989485.747972
2577,1934,37,1594989485.748973
2578,1934,37,1594989485.748973
2579,1934,37,1594989485.7499738
2580,1934,37,1594989485.7509747
2581,1934,37,1594989485.7509747
2582,1934,37,1594989485.751976
2583,1934,37,1594989485.7529767
2584,1934,37,1594989485.7539775
2585,1934,37,1594989485.7539775
2586,1934,37,1594989485.7549787
2587,1934,37,1594989485.7559795
2588,1934,37,1594989485.7569802
2589,1934,37,1594989485.7569802
2590,1934,37,1594989485.7579813
2591,1934,37,1594989485.758982
2592,1934,37,1594989485.758982
2593,1934,37,1594989485.7599828
2594,1934,37,1594989485.7609837
2595,1934,37,1594989485.761985
2596,1934,37,1594989485.761985
2597,1934,37,1594989485.7629855
2598,1934,37,1594989485.7639868
2599,1934,37,1594989485.7639868
2600,1934,37,1594989485.7649875
2601,1934,37,1594989485.7659883
2602,1934,37,1594989485.766989
2603,1934,37,1594989485.766989
2604,1934,37,1594989485.76799
2605,1934,37,1594989485.768991
2606,1934,37,1594989485.7699919
2607,1934,37,1594989485.7699919
2608,1934,37,1594989485.770993
2609,1934,37,1594989485.7719939
2610,1934,37,1594989485.7719939
2611,1934,37,1594989485.7729948
2612,1934,37,1594989485.773996
2613,1934,37,1594989485.7749965
2614,1934,37,1594989485.7749965
2615,1934,37,1594989485.7759974
2616,1934,37,1594989485.7769983
2617,1934,37,1594989485.7769983
2618,1934,37,1594989485.7779992
2619,1934,37,1594989485.7790003
2620,1934,37,1594989485.780001
2621,1934,37,1594989485.780001
2622,1934,37,1594989485.781002
2623,1934,37,1594989485.7820032
2624,1934,37,1594989485.7830036
2625,1934,37,1594989485.7830036
2626,1934,37,1594989485.7840052
2627,1934,37,1594989485.7850056
2628,1934,37,1594989485.7850056
2629,1934,37,1594989485.7860065
2630,1934,37,1594989485.7870076
2631,1934,37,1594989485.7880087
2632,1934,37,1594989485.7880087
2633,1934,37,1594989485.789009
2634,1934,37,1594989485.7900102
2635,1934,37,1594989485.7900102
2636,1934,37,1594989485.791011
2637,1934,37,1594989485.7920122
2638,1934,37,1594989485.793013
2639,1934,37,1594989485.793013
2640,1934,37,1594989485.7940142
2641,1934,37,1594989485.7950149
2642,1934,37,1594989485.7960155
2643,1934,37,1594989485.7960155
2644,1934,37,1594989485.7970166
2645,1934,37,1594989485.7980173
2646,1934,37,1594989485.7980173
2647,1934,37,1594989485.7990184
2648,1934,37,1594989485.8000193
2649,1934,37,1594989485.8010201
2650,1934,37,1594989485.8010201
2651,1934,37,1594989485.8020213
2652,1934,37,1594989485.803022
2653,1934,37,1594989485.803022
2654,1934,37,1594989485.8040237
2655,1934,37,1594989485.8050237
2656,1934,37,1594989485.8060248
2657,1934,37,1594989485.8060248
2658,1934,37,1594989485.8070257
2659,1934,37,1594989485.8080266
2660,1934,37,1594989485.8090277
2661,1934,37,1594989485.8090277
2662,1934,37,1594989485.8100283
2663,1934,37,1594989485.8110292
2664,1934,37,1594989485.8110292
2665,1934,37,1594989485.8120308
2666,1934,37,1594989485.8130312
2667,1934,37,1594989485.8140323
2668,1934,37,1594989485.8140323
2669,1934,37,1594989485.8150327
2670,1934,37,1594989485.8160338
2671,1934,37,1594989485.8170347
2672,1934,37,1594989485.8170347
2673,1934,37,1594989485.8180356
2674,1934,37,1594989485.8190365
2675,1934,37,1594989485.8190365
2676,1934,37,1594989485.8200376
2677,1934,37,1594989485.8210382
2678,1934,37,1594989485.8220396
2679,1934,37,1594989485.8220396
2680,1934,37,1594989485.82304
2681,1934,37,1594989485.8240414
2682,1934,37,1594989485.8240414
2683,1934,37,1594989485.825042
2684,1934,37,1594989485.826043
2685,1934,37,1594989485.8270438
2686,1934,37,1594989485.8270438
2687,1934,37,1594989485.828045
2688,1934,37,1594989485.8290458
2689,1934,37,1594989485.8300464
2690,1934,37,1594989485.8300464
2691,1934,37,1594989485.8310475
2692,1934,37,1594989485.832049
2693,1934,37,1594989485.832049
2694,1934,37,1594989485.8330493
2695,1934,37,1594989485.8340507
2696,1934,37,1594989485.835051
2697,1934,37,1594989485.835051
2698,1934,37,1594989485.8360522
2699,1934,37,1594989485.8370528
2700,1934,37,1594989485.8370528
2701,1934,37,1594989485.838054
2702,1934,37,1594989485.8390548
2703,1934,37,1594989485.8400555
2704,1934,37,1594989485.8400555
2705,1934,37,1594989485.8410566
2706,1934,37,1594989485.8420577
2707,1934,37,1594989485.8430586
2708,1934,37,1594989485.8430586
2709,1934,37,1594989485.8440597
2710,1934,37,1594989485.84506
2711,1934,37,1594989485.84506
2712,1934,37,1594989485.846061
2713,1934,37,1594989485.847062
2714,1934,37,1594989485.848063
2715,1934,37,1594989485.848063
2716,1934,37,1594989485.8490636
2717,1934,37,1594989485.8500648
2718,1934,37,1594989485.8500648
2719,1934,37,1594989485.8510656
2720,1934,37,1594989485.852067
2721,1934,37,1594989485.8530676
2722,1934,37,1594989485.8530676
2723,1934,37,1594989485.8540688
2724,1934,37,1594989485.8550694
2725,1934,37,1594989485.85607
2726,1934,37,1594989485.85607
2727,1934,37,1594989485.8570712
2728,1934,37,1594989485.858072
2729,1934,37,1594989485.858072
2730,1934,37,1594989485.859073
2731,1934,37,1594989485.860074
2732,1934,37,1594989485.8610747
2733,1934,37,1594989485.8610747
2734,1934,37,1594989485.8620758
2735,1934,37,1594989485.8630767
2736,1934,37,1594989485.8630767
2737,1934,37,1594989485.8640778
2738,1934,37,1594989485.8650784
2739,1934,37,1594989485.8660793
2740,1934,37,1594989485.8660793
2741,1934,37,1594989485.8670802
2742,1934,37,1594989485.8680813
2743,1934,37,1594989485.8690822
2744,1934,37,1594989485.8690822
2745,1934,37,1594989485.8700829
2746,1934,37,1594989485.8710837
2747,1934,37,1594989485.8710837
2748,1934,37,1594989485.872085
2749,1934,37,1594989485.8730857
2750,1934,37,1594989485.8740869
2751,1934,37,1594989485.8740869
2752,1934,37,1594989485.8750875
2753,1934,37,1594989485.8760886
2754,1934,37,1594989485.8770893
2755,1934,37,1594989485.8770893
2756,1934,37,1594989485.8780901
2757,1934,37,1594989485.8790913
2758,1934,37,1594989485.8790913
2759,1934,37,1594989485.880092
2760,1934,37,1594989485.881093
2761,1934,37,1594989485.8820941
2762,1934,37,1594989485.8820941
2763,1934,37,1594989485.883095
2764,1934,37,1594989485.884096
2765,1934,37,1594989485.884096
2766,1934,37,1594989485.8850968
2767,1934,37,1594989485.8860977
2768,1934,37,1594989485.8870983
2769,1934,37,1594989485.8870983
2770,1934,37,1594989485.8880994
2771,1934,37,1594989485.8891003
2772,1934,37,1594989485.890101
2773,1934,37,1594989485.890101
2774,1934,37,1594989485.8911023
2775,1934,37,1594989485.8921034
2776,1934,37,1594989485.8921034
